instance,seed,initial_primal_bound,initial_dual_bound,objective_offset,cumulated_reward
../../instances/2_load_balancing/test/load_balancing_10000.mps.gz,0,905.0,688.7383100428896,0,-18243.378927684174
../../instances/2_load_balancing/test/load_balancing_10001.mps.gz,1,888.0,690.861850439436,0,-13593.887600735812
../../instances/2_load_balancing/test/load_balancing_10002.mps.gz,2,889.0,675.5414045139631,0,-15809.839166448914
../../instances/2_load_balancing/test/load_balancing_10003.mps.gz,3,884.0,710.7779615008907,0,-18154.145183520126
../../instances/2_load_balancing/test/load_balancing_10004.mps.gz,4,898.0,687.7800839856139,0,-17354.571046475903
../../instances/2_load_balancing/test/load_balancing_10005.mps.gz,5,892.0,714.4012840283566,0,-11073.139744243843
../../instances/2_load_balancing/test/load_balancing_10006.mps.gz,6,881.0,713.2957090162058,0,-18363.17071123313
../../instances/2_load_balancing/test/load_balancing_10007.mps.gz,7,893.0,637.5665961619615,0,-16990.810902047353
../../instances/2_load_balancing/test/load_balancing_10008.mps.gz,8,894.0,742.6062640891462,0,-13863.180735034211
../../instances/2_load_balancing/test/load_balancing_10009.mps.gz,9,897.0,700.7957898704748,0,-14468.012218995584
../../instances/2_load_balancing/test/load_balancing_10010.mps.gz,10,899.0,751.7799382939277,0,-12134.097628931038
../../instances/2_load_balancing/test/load_balancing_10011.mps.gz,11,909.0,716.2272018276806,0,-14821.924661601497
../../instances/2_load_balancing/test/load_balancing_10012.mps.gz,12,889.0,673.2541949666913,0,-15740.4521572862
../../instances/2_load_balancing/test/load_balancing_10013.mps.gz,13,910.0,733.4599772915094,0,-15746.180190029596
../../instances/2_load_balancing/test/load_balancing_10014.mps.gz,14,886.0,732.3565670152549,0,-13460.856907141695
../../instances/2_load_balancing/test/load_balancing_10015.mps.gz,15,876.0,746.4565500457276,0,-18741.559795748854
../../instances/2_load_balancing/test/load_balancing_10016.mps.gz,16,910.0,696.2636002946233,0,-24587.71221736392
../../instances/2_load_balancing/test/load_balancing_10017.mps.gz,17,879.0,747.5222441137633,0,-11706.64224358643
../../instances/2_load_balancing/test/load_balancing_10018.mps.gz,18,892.0,647.8131267463397,0,-18600.327813278447
../../instances/2_load_balancing/test/load_balancing_10019.mps.gz,19,901.0,669.6637620237224,0,-18998.103546339997
../../instances/2_load_balancing/test/load_balancing_10020.mps.gz,20,901.0,693.0555500313684,0,-15110.031796135758
../../instances/2_load_balancing/test/load_balancing_10021.mps.gz,21,891.0,664.1635495539788,0,-16461.581533549837
../../instances/2_load_balancing/test/load_balancing_10022.mps.gz,22,888.0,604.6070307267797,0,-16069.810214242807
../../instances/2_load_balancing/test/load_balancing_10023.mps.gz,23,903.0,717.5008352177689,0,-15796.985391788954
../../instances/2_load_balancing/test/load_balancing_10024.mps.gz,24,892.0,666.015582083011,0,-15498.536113710947
../../instances/2_load_balancing/test/load_balancing_10025.mps.gz,25,893.0,713.2996883605531,0,-15673.211043686533
../../instances/2_load_balancing/test/load_balancing_10026.mps.gz,26,891.0,795.6189414960799,0,-11013.66961369971
../../instances/2_load_balancing/test/load_balancing_10027.mps.gz,27,894.0,671.0520416552764,0,-10583.124821715932
../../instances/2_load_balancing/test/load_balancing_10028.mps.gz,28,905.0,666.735484655573,0,-16841.33460370081
../../instances/2_load_balancing/test/load_balancing_10029.mps.gz,29,895.0,674.902797238736,0,-14983.531436891728
../../instances/2_load_balancing/test/load_balancing_10030.mps.gz,30,883.0,707.505584596137,0,-12988.155550841662
../../instances/2_load_balancing/test/load_balancing_10031.mps.gz,31,897.0,713.4596078087795,0,-10330.672704850629
../../instances/2_load_balancing/test/load_balancing_10032.mps.gz,32,900.0,633.805368407309,0,-14340.932391146023
../../instances/2_load_balancing/test/load_balancing_10033.mps.gz,33,887.0,726.9801008016655,0,-12107.547875980361
../../instances/2_load_balancing/test/load_balancing_10034.mps.gz,34,892.0,676.8480837452881,0,-22230.3358418406
../../instances/2_load_balancing/test/load_balancing_10035.mps.gz,35,880.0,693.5848424874113,0,-17416.9939571135
../../instances/2_load_balancing/test/load_balancing_10036.mps.gz,36,885.0,644.9313794123092,0,-13335.311765157587
../../instances/2_load_balancing/test/load_balancing_10037.mps.gz,37,880.0,680.1975929187004,0,-12123.251787089213
../../instances/2_load_balancing/test/load_balancing_10038.mps.gz,38,903.0,706.8459520506227,0,-15516.702319873406
../../instances/2_load_balancing/test/load_balancing_10039.mps.gz,39,890.0,731.6913096374167,0,-17078.688652326236
../../instances/2_load_balancing/test/load_balancing_10040.mps.gz,40,906.0,694.582850772383,0,-12598.422997308442
../../instances/2_load_balancing/test/load_balancing_10041.mps.gz,41,901.0,712.6996499511004,0,-14293.949564243008
../../instances/2_load_balancing/test/load_balancing_10042.mps.gz,42,894.0,702.9786964958474,0,-13610.877968849434
../../instances/2_load_balancing/test/load_balancing_10043.mps.gz,43,895.0,750.2184816107398,0,-16339.198674311328
../../instances/2_load_balancing/test/load_balancing_10044.mps.gz,44,891.0,745.0801785560429,0,-9945.10081839039
../../instances/2_load_balancing/test/load_balancing_10045.mps.gz,45,898.0,672.5773940001787,0,-15149.509699878237
../../instances/2_load_balancing/test/load_balancing_10046.mps.gz,46,891.0,700.5768435760881,0,-16739.328323222424
../../instances/2_load_balancing/test/load_balancing_10047.mps.gz,47,892.0,736.8727448497651,0,-12311.093803791095
../../instances/2_load_balancing/test/load_balancing_10048.mps.gz,48,895.0,665.7548619781377,0,-16902.35126771374
../../instances/2_load_balancing/test/load_balancing_10049.mps.gz,49,894.0,679.4180387993916,0,-14415.960395688093
../../instances/2_load_balancing/test/load_balancing_10050.mps.gz,50,908.0,715.2003216964151,0,-16958.538148147283
../../instances/2_load_balancing/test/load_balancing_10051.mps.gz,51,883.0,657.2910567340457,0,-15009.449052814136
../../instances/2_load_balancing/test/load_balancing_10052.mps.gz,52,909.0,671.3519173577438,0,-15967.967273914752
../../instances/2_load_balancing/test/load_balancing_10053.mps.gz,53,919.0,649.453507937955,0,-15158.973156887432
../../instances/2_load_balancing/test/load_balancing_10054.mps.gz,54,908.0,745.0843505166457,0,-16853.391178017475
../../instances/2_load_balancing/test/load_balancing_10055.mps.gz,55,895.0,706.5411718479869,0,-17122.975276035784
../../instances/2_load_balancing/test/load_balancing_10056.mps.gz,56,904.0,682.7707442762,0,-14722.581544837314
../../instances/2_load_balancing/test/load_balancing_10057.mps.gz,57,877.0,693.1929920994622,0,-16178.748790413789
../../instances/2_load_balancing/test/load_balancing_10058.mps.gz,58,894.0,751.4253792818492,0,-13844.813444460473
../../instances/2_load_balancing/test/load_balancing_10059.mps.gz,59,896.0,667.5081732220389,0,-13891.739403645272
../../instances/2_load_balancing/test/load_balancing_10060.mps.gz,60,878.0,681.8525171505428,0,-13975.082819235606
../../instances/2_load_balancing/test/load_balancing_10061.mps.gz,61,917.0,782.3564390520008,0,-15084.873158937857
../../instances/2_load_balancing/test/load_balancing_10062.mps.gz,62,907.0,713.5915361142567,0,-13885.529790952249
../../instances/2_load_balancing/test/load_balancing_10063.mps.gz,63,910.0,661.9847185558268,0,-19125.445102463975
../../instances/2_load_balancing/test/load_balancing_10064.mps.gz,64,894.0,721.0601111670848,0,-12731.50540890075
../../instances/2_load_balancing/test/load_balancing_10065.mps.gz,65,897.0,700.9504173977544,0,-11915.384976342244
../../instances/2_load_balancing/test/load_balancing_10066.mps.gz,66,897.0,619.6934071768064,0,-18061.548379161664
../../instances/2_load_balancing/test/load_balancing_10067.mps.gz,67,903.0,643.1359670243987,0,-17358.33404659902
../../instances/2_load_balancing/test/load_balancing_10068.mps.gz,68,886.0,674.1449658571393,0,-13777.963538226259
../../instances/2_load_balancing/test/load_balancing_10069.mps.gz,69,899.0,748.4081749630078,0,-16058.02858022113
../../instances/2_load_balancing/test/load_balancing_10070.mps.gz,70,885.0,642.5725244079134,0,-14002.7684707907
../../instances/2_load_balancing/test/load_balancing_10071.mps.gz,71,897.0,790.2406922427284,0,-17926.028003655963
../../instances/2_load_balancing/test/load_balancing_10072.mps.gz,72,889.0,764.9319770464405,0,-15633.662623843751
../../instances/2_load_balancing/test/load_balancing_10073.mps.gz,73,879.0,641.4800880860521,0,-14579.423253310688
../../instances/2_load_balancing/test/load_balancing_10074.mps.gz,74,907.0,695.6302808840848,0,-13034.949897381463
../../instances/2_load_balancing/test/load_balancing_10075.mps.gz,75,884.0,673.3038269265855,0,-22103.845546269582
../../instances/2_load_balancing/test/load_balancing_10076.mps.gz,76,899.0,780.0123302084152,0,-9575.246246653713
../../instances/2_load_balancing/test/load_balancing_10077.mps.gz,77,893.0,663.0788080485951,0,-14917.132014381932
../../instances/2_load_balancing/test/load_balancing_10078.mps.gz,78,895.0,725.2489970435024,0,-16697.458726855162
../../instances/2_load_balancing/test/load_balancing_10079.mps.gz,79,900.0,704.4034147516354,0,-15779.179123181177
../../instances/2_load_balancing/test/load_balancing_10080.mps.gz,80,895.0,626.0750517872253,0,-12717.762868123455
../../instances/2_load_balancing/test/load_balancing_10081.mps.gz,81,879.0,683.6205500091713,0,-18597.37036362469
../../instances/2_load_balancing/test/load_balancing_10082.mps.gz,82,904.0,723.0184775759686,0,-14200.238023539789
../../instances/2_load_balancing/test/load_balancing_10083.mps.gz,83,893.0,672.1505158790688,0,-11946.880803457165
../../instances/2_load_balancing/test/load_balancing_10084.mps.gz,84,886.0,708.7784598777065,0,-16011.829890116476
../../instances/2_load_balancing/test/load_balancing_10085.mps.gz,85,902.0,735.9801327778853,0,-13237.209605462902
../../instances/2_load_balancing/test/load_balancing_10086.mps.gz,86,887.0,706.8422343103504,0,-15353.412048834087
../../instances/2_load_balancing/test/load_balancing_10087.mps.gz,87,893.0,683.1688021544603,0,-14879.272493103646
../../instances/2_load_balancing/test/load_balancing_10088.mps.gz,88,919.0,675.595621003476,0,-15723.197182047768
../../instances/2_load_balancing/test/load_balancing_10089.mps.gz,89,900.0,703.9110244517591,0,-13439.775770022057
../../instances/2_load_balancing/test/load_balancing_10090.mps.gz,90,883.0,667.9683701780755,0,-17234.574489100185
../../instances/2_load_balancing/test/load_balancing_10091.mps.gz,91,883.0,692.9722780685115,0,-15907.94753428576
../../instances/2_load_balancing/test/load_balancing_10092.mps.gz,92,886.0,702.3049506221216,0,-18970.510901675643
../../instances/2_load_balancing/test/load_balancing_10093.mps.gz,93,898.0,758.2173475216541,0,-12449.229711864326
../../instances/2_load_balancing/test/load_balancing_10094.mps.gz,94,903.0,724.8317262153085,0,-12264.752512748437
../../instances/2_load_balancing/test/load_balancing_10095.mps.gz,95,893.0,636.4911885393334,0,-18708.74956753375
../../instances/2_load_balancing/test/load_balancing_10096.mps.gz,96,897.0,700.861252903384,0,-11821.595248310454
../../instances/2_load_balancing/test/load_balancing_10097.mps.gz,97,884.0,759.310059039064,0,-13362.12660854495
../../instances/2_load_balancing/test/load_balancing_10098.mps.gz,98,905.0,724.0876004443339,0,-17077.071009243944
../../instances/2_load_balancing/test/load_balancing_10099.mps.gz,99,890.0,707.9413114442001,0,-21282.88090012915
