instance,seed,initial_primal_bound,initial_dual_bound,objective_offset,cumulated_reward
../../instances/3_anonymous/test/anonymous_119.mps.gz,0,9798.439999999988,2717.0,0,7070457.859577371
../../instances/3_anonymous/test/anonymous_120.mps.gz,1,4876360.592744595,170456.32646579016,0,153410943.53022933
../../instances/3_anonymous/test/anonymous_121.mps.gz,2,16927.0,3116.4023548755576,0,4662256.40872852
../../instances/3_anonymous/test/anonymous_122.mps.gz,3,2753939.176268201,84219.33498517983,0,75798955.72568604
../../instances/3_anonymous/test/anonymous_123.mps.gz,4,12154.799999999987,2721.0,0,6903940.354153816
../../instances/3_anonymous/test/anonymous_124.mps.gz,5,13607.700000000004,2721.0,0,8114059.353924555
../../instances/3_anonymous/test/anonymous_125.mps.gz,6,11580.30000000001,2721.0000000000005,0,7390294.255989062
../../instances/3_anonymous/test/anonymous_126.mps.gz,7,4116185.969244509,106901.3624030156,0,96211426.25279635
../../instances/3_anonymous/test/anonymous_127.mps.gz,8,11245.02499999997,2717.0,0,6951195.9713483695
../../instances/3_anonymous/test/anonymous_128.mps.gz,9,14861.000000000005,3088.2947381909753,0,4363414.670105105
../../instances/3_anonymous/test/anonymous_129.mps.gz,10,8434.0,1851.0501760918557,0,5798399.213175428
../../instances/3_anonymous/test/anonymous_130.mps.gz,11,8575.0,1849.7505067055513,0,3814858.6733244034
../../instances/3_anonymous/test/anonymous_131.mps.gz,12,16594.0,3135.6103022026464,0,4744758.272548915
../../instances/3_anonymous/test/anonymous_132.mps.gz,13,16410.000000000004,3027.8500000000004,0,2747787.9400802893
../../instances/3_anonymous/test/anonymous_133.mps.gz,14,3243534.7100729677,138638.27715444285,0,124780235.45501071
../../instances/3_anonymous/test/anonymous_134.mps.gz,15,8543.0,1855.2501522654677,0,6026392.896779726
../../instances/3_anonymous/test/anonymous_135.mps.gz,16,9064.749999999978,2717.0,0,6722965.335326173
../../instances/3_anonymous/test/anonymous_136.mps.gz,17,7401.499999999999,1673.0,0,6328384.094143008
../../instances/3_anonymous/test/anonymous_137.mps.gz,18,9517.0,1845.5733864151919,0,5859963.010976578
../../instances/3_anonymous/test/anonymous_138.mps.gz,19,14835.999999999789,3078.2495650454757,0,4755636.187726639
../../instances/3_anonymous/test/anonymous_119.mps.gz,20,9798.439999999988,2717.0,0,7058909.485569322
../../instances/3_anonymous/test/anonymous_120.mps.gz,21,4876360.592744595,170456.32646579016,0,153408413.41595253
../../instances/3_anonymous/test/anonymous_121.mps.gz,22,16927.0,3116.4023548755576,0,4663729.8076902395
../../instances/3_anonymous/test/anonymous_122.mps.gz,23,2753939.176268201,84219.33498517983,0,75798068.22932398
../../instances/3_anonymous/test/anonymous_123.mps.gz,24,12154.799999999987,2721.0,0,7342135.403602278
../../instances/3_anonymous/test/anonymous_124.mps.gz,25,13607.700000000004,2721.0,0,10506733.880639274
../../instances/3_anonymous/test/anonymous_125.mps.gz,26,11580.30000000001,2721.0000000000005,0,6521653.982477222
../../instances/3_anonymous/test/anonymous_126.mps.gz,27,4116185.969244509,106901.3624030156,0,96211515.86112998
../../instances/3_anonymous/test/anonymous_127.mps.gz,28,11245.02499999997,2717.0,0,7083545.240776845
../../instances/3_anonymous/test/anonymous_128.mps.gz,29,14861.000000000005,3088.2947381909753,0,4711791.750385444
../../instances/3_anonymous/test/anonymous_129.mps.gz,30,8434.0,1851.0501760918557,0,5717733.327733099
../../instances/3_anonymous/test/anonymous_130.mps.gz,31,8575.0,1849.7505067055513,0,3717540.3682988444
../../instances/3_anonymous/test/anonymous_131.mps.gz,32,16594.0,3135.6103022026464,0,4970950.623394092
../../instances/3_anonymous/test/anonymous_132.mps.gz,33,16410.000000000004,3027.8500000000004,0,4060775.3246152145
../../instances/3_anonymous/test/anonymous_133.mps.gz,34,3243534.7100729677,138638.27715444285,0,124774825.04599865
../../instances/3_anonymous/test/anonymous_134.mps.gz,35,8543.0,1855.2501522654677,0,6039387.949214602
../../instances/3_anonymous/test/anonymous_135.mps.gz,36,9064.749999999978,2717.0,0,6681911.968616919
../../instances/3_anonymous/test/anonymous_136.mps.gz,37,7401.499999999999,1673.0,0,6185499.133778606
../../instances/3_anonymous/test/anonymous_137.mps.gz,38,9517.0,1845.5733864151919,0,3834818.575435085
../../instances/3_anonymous/test/anonymous_138.mps.gz,39,14835.999999999789,3078.2495650454757,0,3605128.157777331
../../instances/3_anonymous/test/anonymous_119.mps.gz,40,9798.439999999988,2717.0,0,7049372.423646998
../../instances/3_anonymous/test/anonymous_120.mps.gz,41,4876360.592744595,170456.32646579016,0,153410613.2925742
../../instances/3_anonymous/test/anonymous_121.mps.gz,42,16927.0,3116.4023548755576,0,4469586.334055102
../../instances/3_anonymous/test/anonymous_122.mps.gz,43,2753939.176268201,84219.33498517983,0,75797036.37032622
../../instances/3_anonymous/test/anonymous_123.mps.gz,44,12154.799999999987,2721.0,0,7245145.783704417
../../instances/3_anonymous/test/anonymous_124.mps.gz,45,13607.700000000004,2721.0,0,9682657.188113688
../../instances/3_anonymous/test/anonymous_125.mps.gz,46,11580.30000000001,2721.0000000000005,0,7520982.860068638
../../instances/3_anonymous/test/anonymous_126.mps.gz,47,4116185.969244509,106901.3624030156,0,96211391.53986967
../../instances/3_anonymous/test/anonymous_127.mps.gz,48,11245.02499999997,2717.0,0,7037122.1062338175
../../instances/3_anonymous/test/anonymous_128.mps.gz,49,14861.000000000005,3088.2947381909753,0,4922213.405092071
../../instances/3_anonymous/test/anonymous_129.mps.gz,50,8434.0,1851.0501760918557,0,5799870.457863832
../../instances/3_anonymous/test/anonymous_130.mps.gz,51,8575.0,1849.7505067055513,0,5164376.589589635
../../instances/3_anonymous/test/anonymous_131.mps.gz,52,16594.0,3135.6103022026464,0,4969473.769470054
../../instances/3_anonymous/test/anonymous_132.mps.gz,53,16410.000000000004,3027.8500000000004,0,4538494.7681675125
../../instances/3_anonymous/test/anonymous_133.mps.gz,54,3243534.7100729677,138638.27715444285,0,124774755.9543137
../../instances/3_anonymous/test/anonymous_134.mps.gz,55,8543.0,1855.2501522654677,0,6114996.5559922485
../../instances/3_anonymous/test/anonymous_135.mps.gz,56,9064.749999999978,2717.0,0,6726377.560139404
../../instances/3_anonymous/test/anonymous_136.mps.gz,57,7401.499999999999,1673.0,0,6374889.280101788
../../instances/3_anonymous/test/anonymous_137.mps.gz,58,9517.0,1845.5733864151919,0,3704449.824619396
../../instances/3_anonymous/test/anonymous_138.mps.gz,59,14835.999999999789,3078.2495650454757,0,4151322.532795995
../../instances/3_anonymous/test/anonymous_119.mps.gz,60,9798.439999999988,2717.0,0,7045164.984143273
../../instances/3_anonymous/test/anonymous_120.mps.gz,61,4876360.592744595,170456.32646579016,0,153408881.4784566
../../instances/3_anonymous/test/anonymous_121.mps.gz,62,16927.0,3116.4023548755576,0,4712596.6190359695
../../instances/3_anonymous/test/anonymous_122.mps.gz,63,2753939.176268201,84219.33498517983,0,75797494.42581417
../../instances/3_anonymous/test/anonymous_123.mps.gz,64,12154.799999999987,2721.0,0,7047829.08250417
../../instances/3_anonymous/test/anonymous_124.mps.gz,65,13607.700000000004,2721.0,0,9493420.980753083
../../instances/3_anonymous/test/anonymous_125.mps.gz,66,11580.30000000001,2721.0000000000005,0,7412389.249843776
../../instances/3_anonymous/test/anonymous_126.mps.gz,67,4116185.969244509,106901.3624030156,0,96211418.57447644
../../instances/3_anonymous/test/anonymous_127.mps.gz,68,11245.02499999997,2717.0,0,7087654.988132366
../../instances/3_anonymous/test/anonymous_128.mps.gz,69,14861.000000000005,3088.2947381909753,0,4851205.493899522
../../instances/3_anonymous/test/anonymous_129.mps.gz,70,8434.0,1851.0501760918557,0,5891873.613418996
../../instances/3_anonymous/test/anonymous_130.mps.gz,71,8575.0,1849.7505067055513,0,4706020.039286045
../../instances/3_anonymous/test/anonymous_131.mps.gz,72,16594.0,3135.6103022026464,0,4728832.217269343
../../instances/3_anonymous/test/anonymous_132.mps.gz,73,16410.000000000004,3027.8500000000004,0,4652994.792368538
../../instances/3_anonymous/test/anonymous_133.mps.gz,74,3243534.7100729677,138638.27715444285,0,124773126.89952356
../../instances/3_anonymous/test/anonymous_134.mps.gz,75,8543.0,1855.2501522654677,0,6100958.714331552
../../instances/3_anonymous/test/anonymous_135.mps.gz,76,9064.749999999978,2717.0,0,6735002.714958043
../../instances/3_anonymous/test/anonymous_136.mps.gz,77,7401.499999999999,1673.0,0,6103131.677501922
../../instances/3_anonymous/test/anonymous_137.mps.gz,78,9517.0,1845.5733864151919,0,3975772.7010490485
../../instances/3_anonymous/test/anonymous_138.mps.gz,79,14835.999999999789,3078.2495650454757,0,3805361.3744458496
../../instances/3_anonymous/test/anonymous_119.mps.gz,80,9798.439999999988,2717.0,0,7071286.882031667
../../instances/3_anonymous/test/anonymous_120.mps.gz,81,4876360.592744595,170456.32646579016,0,153410322.33180693
../../instances/3_anonymous/test/anonymous_121.mps.gz,82,16927.0,3116.4023548755576,0,4472058.979816867
../../instances/3_anonymous/test/anonymous_122.mps.gz,83,2753939.176268201,84219.33498517983,0,75797041.52463377
../../instances/3_anonymous/test/anonymous_123.mps.gz,84,12154.799999999987,2721.0,0,7364145.963907366
../../instances/3_anonymous/test/anonymous_124.mps.gz,85,13607.700000000004,2721.0,0,8126610.1147410115
../../instances/3_anonymous/test/anonymous_125.mps.gz,86,11580.30000000001,2721.0000000000005,0,7337345.545004676
../../instances/3_anonymous/test/anonymous_126.mps.gz,87,4116185.969244509,106901.3624030156,0,96211300.39886887
../../instances/3_anonymous/test/anonymous_127.mps.gz,88,11245.02499999997,2717.0,0,7088060.248256461
../../instances/3_anonymous/test/anonymous_128.mps.gz,89,14861.000000000005,3088.2947381909753,0,3475310.0154023175
../../instances/3_anonymous/test/anonymous_129.mps.gz,90,8434.0,1851.0501760918557,0,6187940.778262714
../../instances/3_anonymous/test/anonymous_130.mps.gz,91,8575.0,1849.7505067055513,0,4265504.077412357
../../instances/3_anonymous/test/anonymous_131.mps.gz,92,16594.0,3135.6103022026464,0,4908064.128842941
../../instances/3_anonymous/test/anonymous_132.mps.gz,93,16410.000000000004,3027.8500000000004,0,4482860.466636023
../../instances/3_anonymous/test/anonymous_133.mps.gz,94,3243534.7100729677,138638.27715444285,0,124774467.31141351
../../instances/3_anonymous/test/anonymous_134.mps.gz,95,8543.0,1855.2501522654677,0,6421751.104411363
../../instances/3_anonymous/test/anonymous_135.mps.gz,96,9064.749999999978,2717.0,0,6729798.895263353
../../instances/3_anonymous/test/anonymous_136.mps.gz,97,7401.499999999999,1673.0,0,5273996.276315923
../../instances/3_anonymous/test/anonymous_137.mps.gz,98,9517.0,1845.5733864151919,0,4868706.766221173
../../instances/3_anonymous/test/anonymous_138.mps.gz,99,14835.999999999789,3078.2495650454757,0,4584726.926534852
