instance,seed,initial_primal_bound,initial_dual_bound,objective_offset,cumulated_reward
../../instances/1_item_placement/test/item_placement_10000.mps.gz,0,586.8111255119967,5.4059507480000075,0,12530.758877201397
../../instances/1_item_placement/test/item_placement_10001.mps.gz,1,585.0918695782982,2.858140179300038,0,5200.382557072428
../../instances/1_item_placement/test/item_placement_10002.mps.gz,2,740.3138893089987,2.1398628850001025,0,3571.1278401355626
../../instances/1_item_placement/test/item_placement_10003.mps.gz,3,612.3853851310005,5.0419567770001015,0,6246.777142768386
../../instances/1_item_placement/test/item_placement_10004.mps.gz,4,542.0065967900038,0.5984374850000271,0,971.8288954272089
../../instances/1_item_placement/test/item_placement_10005.mps.gz,5,524.6245861799956,2.7498155400000264,0,4441.5805062249
../../instances/1_item_placement/test/item_placement_10006.mps.gz,6,599.81944828,3.641006420000053,0,5336.889609134664
../../instances/1_item_placement/test/item_placement_10007.mps.gz,7,519.6799417739987,4.28538823000001,0,6936.146403766697
../../instances/1_item_placement/test/item_placement_10008.mps.gz,8,638.8700493169972,3.5950156570000344,0,5289.259886579233
../../instances/1_item_placement/test/item_placement_10009.mps.gz,9,643.6093315759999,0.0,0,0.0
../../instances/1_item_placement/test/item_placement_10010.mps.gz,10,628.4794442330009,10.923102526000154,0,15601.25413584914
../../instances/1_item_placement/test/item_placement_10011.mps.gz,11,626.3987464701058,6.965796413100065,0,15808.829618390298
../../instances/1_item_placement/test/item_placement_10012.mps.gz,12,672.9141671300001,5.492216029000227,0,7554.244865221508
../../instances/1_item_placement/test/item_placement_10013.mps.gz,13,632.0308769806994,0.38291618170003355,0,421.6912504306391
../../instances/1_item_placement/test/item_placement_10014.mps.gz,14,578.1204922600006,1.089210420000024,0,1550.9491775796537
../../instances/1_item_placement/test/item_placement_10015.mps.gz,15,665.6448123559977,1.19446729299999,0,3326.853067277283
../../instances/1_item_placement/test/item_placement_10016.mps.gz,16,685.2467454981104,1.9416003080000883,0,2253.667572744947
../../instances/1_item_placement/test/item_placement_10017.mps.gz,17,672.0819276939974,3.0073285070000657,0,4777.203925342867
../../instances/1_item_placement/test/item_placement_10018.mps.gz,18,558.9391078520042,3.261200011671449e-05,0,0.029350921768055874
../../instances/1_item_placement/test/item_placement_10019.mps.gz,19,582.6603805870014,2.7173101770000256,0,3980.2114783180205
../../instances/1_item_placement/test/item_placement_10020.mps.gz,20,469.93372854199947,5.499228787000134,0,7087.00762429314
../../instances/1_item_placement/test/item_placement_10021.mps.gz,21,725.9392500599969,8.97743396400006,0,13071.684817852354
../../instances/1_item_placement/test/item_placement_10022.mps.gz,22,621.8803832279971,0.17900229800003756,0,690.5807255862921
../../instances/1_item_placement/test/item_placement_10023.mps.gz,23,675.8078712800024,9.865550670000093,0,15298.57946121822
../../instances/1_item_placement/test/item_placement_10024.mps.gz,24,688.2431376799971,5.3642254300001975,0,7510.9178103002805
../../instances/1_item_placement/test/item_placement_10025.mps.gz,25,631.2454190968997,8.909212818900063,0,13841.790542277713
../../instances/1_item_placement/test/item_placement_10026.mps.gz,26,551.2241230100014,3.1776645170000246,0,5321.271183618498
../../instances/1_item_placement/test/item_placement_10027.mps.gz,27,635.4981947999994,2.750849411800025,0,4347.263739007338
../../instances/1_item_placement/test/item_placement_10028.mps.gz,28,649.6547442869993,2.8730090080000448,0,4545.2993446102
../../instances/1_item_placement/test/item_placement_10029.mps.gz,29,664.3924866347012,0.5869649492000605,0,1391.418933805827
../../instances/1_item_placement/test/item_placement_10030.mps.gz,30,571.6649093300032,1.8720177900000436,0,4142.969624877235
../../instances/1_item_placement/test/item_placement_10031.mps.gz,31,702.9271176550013,3.0563570530000255,0,6732.615552328456
../../instances/1_item_placement/test/item_placement_10032.mps.gz,32,602.6805955099977,3.0562769490000385,0,4009.68014021028
../../instances/1_item_placement/test/item_placement_10033.mps.gz,33,515.8252546079977,0.0,0,32.30507994435779
../../instances/1_item_placement/test/item_placement_10034.mps.gz,34,681.218669013,0.0,0,327.7613195416162
../../instances/1_item_placement/test/item_placement_10035.mps.gz,35,612.7428807999961,0.058338652000063766,0,782.4089857161034
../../instances/1_item_placement/test/item_placement_10036.mps.gz,36,655.8472084720022,0.0,0,167.3428753616337
../../instances/1_item_placement/test/item_placement_10037.mps.gz,37,634.5272037669984,2.7357614700000217,0,4412.547778154128
../../instances/1_item_placement/test/item_placement_10038.mps.gz,38,676.2744790599944,0.9490337210000696,0,2029.8634580614812
../../instances/1_item_placement/test/item_placement_10039.mps.gz,39,558.0734400745001,4.541464024500091,0,6789.413355535143
../../instances/1_item_placement/test/item_placement_10040.mps.gz,40,535.9893987039991,2.6017228640000467,0,4837.266169569773
../../instances/1_item_placement/test/item_placement_10041.mps.gz,41,574.17434142,3.0791512600000313,0,4003.970093314347
../../instances/1_item_placement/test/item_placement_10042.mps.gz,42,627.6553748829998,4.74933494300056,0,8808.66006596121
../../instances/1_item_placement/test/item_placement_10043.mps.gz,43,565.9480858371984,1.216806730000059,0,2198.0670188037043
../../instances/1_item_placement/test/item_placement_10044.mps.gz,44,638.5844467020029,6.40729008700002,0,10449.884133537136
../../instances/1_item_placement/test/item_placement_10045.mps.gz,45,547.9732407789998,3.013337051000037,0,4762.915256271501
../../instances/1_item_placement/test/item_placement_10046.mps.gz,46,699.3148335490007,5.032844637000339,0,7541.265755389276
../../instances/1_item_placement/test/item_placement_10047.mps.gz,47,678.7278621849985,2.8321776080000665,0,6555.10317235611
../../instances/1_item_placement/test/item_placement_10048.mps.gz,48,592.5003440009999,7.517788610000015,0,14066.835974472082
../../instances/1_item_placement/test/item_placement_10049.mps.gz,49,577.2433975120018,2.118155879000065,0,4415.678350294989
../../instances/1_item_placement/test/item_placement_10050.mps.gz,50,644.8849020395036,8.813194584500028,0,15235.355702450182
../../instances/1_item_placement/test/item_placement_10051.mps.gz,51,557.5906838410027,1.080262164600102,0,1383.6517631124564
../../instances/1_item_placement/test/item_placement_10052.mps.gz,52,659.0836069199999,2.0103943300000484,0,3682.4732020853166
../../instances/1_item_placement/test/item_placement_10053.mps.gz,53,614.9167198860006,6.701909375000137,0,9443.07079960943
../../instances/1_item_placement/test/item_placement_10054.mps.gz,54,467.6958211100023,1.6407412780000388,0,2099.113041360685
../../instances/1_item_placement/test/item_placement_10055.mps.gz,55,679.0715175019976,4.245154012000063,0,5596.027172010533
../../instances/1_item_placement/test/item_placement_10056.mps.gz,56,712.8422048300049,0.020916940000046805,0,18.825355675569757
../../instances/1_item_placement/test/item_placement_10057.mps.gz,57,647.8548897120015,3.6962010520000286,0,5854.560569489239
../../instances/1_item_placement/test/item_placement_10058.mps.gz,58,627.7209875240007,2.0082997840000907,0,2078.922377491327
../../instances/1_item_placement/test/item_placement_10059.mps.gz,59,648.4253502879999,3.3781238580001287,0,5989.240435953891
../../instances/1_item_placement/test/item_placement_10060.mps.gz,60,494.13541796899494,2.573000001979825e-05,0,0.023157563229374074
../../instances/1_item_placement/test/item_placement_10061.mps.gz,61,658.3085709520026,2.6741015710000147,0,4537.347746864088
../../instances/1_item_placement/test/item_placement_10062.mps.gz,62,545.601493651004,2.4970737770000317,0,4183.322913062075
../../instances/1_item_placement/test/item_placement_10063.mps.gz,63,571.6023915600006,0.2771706900012682,0,827.1275941341268
../../instances/1_item_placement/test/item_placement_10064.mps.gz,64,639.0922292467976,7.429602531800058,0,12020.338047264595
../../instances/1_item_placement/test/item_placement_10065.mps.gz,65,553.1210381400002,4.743242389000044,0,8429.954051574005
../../instances/1_item_placement/test/item_placement_10066.mps.gz,66,541.0690231160002,2.4160531070002906,0,6610.002762414285
../../instances/1_item_placement/test/item_placement_10067.mps.gz,67,709.3620575130009,0.1700292175701775,0,209.55271494638808
../../instances/1_item_placement/test/item_placement_10068.mps.gz,68,715.4248347749992,7.183733000600151,0,11193.702792385442
../../instances/1_item_placement/test/item_placement_10069.mps.gz,69,803.312887826997,1.5856744900000348,0,4479.852368074628
../../instances/1_item_placement/test/item_placement_10070.mps.gz,70,658.4525752442732,0.6074410340000137,0,1322.848697062387
../../instances/1_item_placement/test/item_placement_10071.mps.gz,71,511.5427394524968,0.7011165995000247,0,1908.0859632580857
../../instances/1_item_placement/test/item_placement_10072.mps.gz,72,535.6933559882996,1.0652895272999725,0,1454.9550787547207
../../instances/1_item_placement/test/item_placement_10073.mps.gz,73,674.3034740729979,5.706515154000057,0,10131.524270424192
../../instances/1_item_placement/test/item_placement_10074.mps.gz,74,651.2068181099992,2.520175380000015,0,6294.670375268145
../../instances/1_item_placement/test/item_placement_10075.mps.gz,75,586.3386290200003,2.405197620000067,0,4385.974428230206
../../instances/1_item_placement/test/item_placement_10076.mps.gz,76,641.6220232999993,3.472000004625664e-05,0,0.03124867771551476
../../instances/1_item_placement/test/item_placement_10077.mps.gz,77,781.3383277300022,2.215695832100106,0,2845.452013946245
../../instances/1_item_placement/test/item_placement_10078.mps.gz,78,642.102389459999,9.103123340000169,0,14530.47517983244
../../instances/1_item_placement/test/item_placement_10079.mps.gz,79,550.3936736175993,3.23995935490004,0,5742.466122631304
../../instances/1_item_placement/test/item_placement_10080.mps.gz,80,684.8484390309995,1.5068981828000751,0,2970.299841848484
../../instances/1_item_placement/test/item_placement_10081.mps.gz,81,745.9798400299976,2.58489921980018,0,4025.458503289742
../../instances/1_item_placement/test/item_placement_10082.mps.gz,82,540.7971954179968,5.159269240000056,0,7979.630642643062
../../instances/1_item_placement/test/item_placement_10083.mps.gz,83,754.6496305169994,7.965422937000065,0,14560.296150746128
../../instances/1_item_placement/test/item_placement_10084.mps.gz,84,683.5115974801955,3.9227677822000326,0,6160.108125106988
../../instances/1_item_placement/test/item_placement_10085.mps.gz,85,604.7971747100007,1.7721773100000164,0,3092.4047792941114
../../instances/1_item_placement/test/item_placement_10086.mps.gz,86,640.7622799020043,5.01607587520006,0,7203.386190109881
../../instances/1_item_placement/test/item_placement_10087.mps.gz,87,761.7030896140003,2.256161834000493,0,2960.4668453349755
../../instances/1_item_placement/test/item_placement_10088.mps.gz,88,686.4798155599999,2.0439067870001657,0,5000.1945730485595
../../instances/1_item_placement/test/item_placement_10089.mps.gz,89,651.2761166530029,2.1700000023478753e-05,0,0.019530116322324476
../../instances/1_item_placement/test/item_placement_10090.mps.gz,90,694.7687293420021,1.635548034000054,0,3219.9331275146883
../../instances/1_item_placement/test/item_placement_10091.mps.gz,91,722.9085737219996,1.7980000138959062e-05,0,0.016182083647845527
../../instances/1_item_placement/test/item_placement_10092.mps.gz,92,653.8139771,3.2922043400000938,0,4353.286713904746
../../instances/1_item_placement/test/item_placement_10093.mps.gz,93,551.8174307500038,0.9360511690000158,0,1709.98694096107
../../instances/1_item_placement/test/item_placement_10094.mps.gz,94,569.4228663470027,0.07854674600005399,0,622.3116596048854
../../instances/1_item_placement/test/item_placement_10095.mps.gz,95,638.8771190199998,0.44366399700002873,0,1388.7867424295205
../../instances/1_item_placement/test/item_placement_10096.mps.gz,96,568.4680291099985,1.5463305300000254,0,2767.415445076565
../../instances/1_item_placement/test/item_placement_10097.mps.gz,97,655.6389975559997,3.688800008043967e-05,0,170.54339374969126
../../instances/1_item_placement/test/item_placement_10098.mps.gz,98,662.6747685299989,1.495826460000021,0,2553.161407957213
../../instances/1_item_placement/test/item_placement_10099.mps.gz,99,745.3269252489987,4.913859104000057,0,8401.375205867813
