instance,seed,initial_primal_bound,initial_dual_bound,objective_offset,cumulated_reward
../../instances/1_item_placement/test/item_placement_10000.mps.gz,0,586.8111255119967,5.4059507480000075,0,-8571.19687931518
../../instances/1_item_placement/test/item_placement_10001.mps.gz,1,585.0918695782982,2.858140179300038,0,-3799.445072591878
../../instances/1_item_placement/test/item_placement_10002.mps.gz,2,740.3138893089987,2.1398628850001025,0,-4686.233187325247
../../instances/1_item_placement/test/item_placement_10003.mps.gz,3,612.3853851310005,5.0419567770001015,0,-5833.338844681153
../../instances/1_item_placement/test/item_placement_10004.mps.gz,4,542.0065967900038,0.5984374850000271,0,-3030.247076161197
../../instances/1_item_placement/test/item_placement_10005.mps.gz,5,524.6245861799956,2.7498155400000264,0,-4756.409658298264
../../instances/1_item_placement/test/item_placement_10006.mps.gz,6,599.81944828,3.641006420000053,0,-3824.8164775960918
../../instances/1_item_placement/test/item_placement_10007.mps.gz,7,519.6799417739987,4.28538823000001,0,-6216.888367531664
../../instances/1_item_placement/test/item_placement_10008.mps.gz,8,638.8700493169972,3.5950156570000344,0,-4613.4542877835265
../../instances/1_item_placement/test/item_placement_10009.mps.gz,9,643.6093315759999,0.0,0,-2707.4341125650185
../../instances/1_item_placement/test/item_placement_10010.mps.gz,10,628.4794442330009,10.923102526000154,0,-10921.453630114633
../../instances/1_item_placement/test/item_placement_10011.mps.gz,11,626.3987464701058,6.965796413100065,0,-7750.308647507765
../../instances/1_item_placement/test/item_placement_10012.mps.gz,12,672.9141671300001,5.492216029000227,0,-7347.851125179355
../../instances/1_item_placement/test/item_placement_10013.mps.gz,13,632.0308769806994,0.38291618170003355,0,-2681.502762801213
../../instances/1_item_placement/test/item_placement_10014.mps.gz,14,578.1204922600006,1.089210420000024,0,-3827.8401936617365
../../instances/1_item_placement/test/item_placement_10015.mps.gz,15,665.6448123559977,1.19446729299999,0,-3727.4126238227536
../../instances/1_item_placement/test/item_placement_10016.mps.gz,16,685.2467454981104,1.9416003080000883,0,-4984.92996347649
../../instances/1_item_placement/test/item_placement_10017.mps.gz,17,672.0819276939974,3.0073285070000657,0,-5365.055019775142
../../instances/1_item_placement/test/item_placement_10018.mps.gz,18,558.9391078520042,3.261200011671449e-05,0,-2583.7342572954085
../../instances/1_item_placement/test/item_placement_10019.mps.gz,19,582.6603805870014,2.7173101770000256,0,-4138.399497516929
../../instances/1_item_placement/test/item_placement_10020.mps.gz,20,469.93372854199947,5.499228787000134,0,-5641.275902929177
../../instances/1_item_placement/test/item_placement_10021.mps.gz,21,725.9392500599969,8.97743396400006,0,-9004.56982161659
../../instances/1_item_placement/test/item_placement_10022.mps.gz,22,621.8803832279971,0.17900229800003756,0,-2792.841273927712
../../instances/1_item_placement/test/item_placement_10023.mps.gz,23,675.8078712800024,9.865550670000093,0,-8736.9552132114
../../instances/1_item_placement/test/item_placement_10024.mps.gz,24,688.2431376799971,5.3642254300001975,0,-6586.400129429667
../../instances/1_item_placement/test/item_placement_10025.mps.gz,25,631.2454190968997,8.909212818900063,0,-9619.085400283786
../../instances/1_item_placement/test/item_placement_10026.mps.gz,26,551.2241230100014,3.1776645170000246,0,-5727.24560266111
../../instances/1_item_placement/test/item_placement_10027.mps.gz,27,635.4981947999994,2.750849411800025,0,-5272.270691756466
../../instances/1_item_placement/test/item_placement_10028.mps.gz,28,649.6547442869993,2.8730090080000448,0,-5389.681870543651
../../instances/1_item_placement/test/item_placement_10029.mps.gz,29,664.3924866347012,0.5869649492000605,0,-3763.7880019867584
../../instances/1_item_placement/test/item_placement_10030.mps.gz,30,571.6649093300032,1.8720177900000436,0,-4225.38418602013
../../instances/1_item_placement/test/item_placement_10031.mps.gz,31,702.9271176550013,3.0563570530000255,0,-5595.221936882911
../../instances/1_item_placement/test/item_placement_10032.mps.gz,32,602.6805955099977,3.0562769490000385,0,-4882.985454606506
../../instances/1_item_placement/test/item_placement_10033.mps.gz,33,515.8252546079977,0.0,0,-2744.8280250151574
../../instances/1_item_placement/test/item_placement_10034.mps.gz,34,681.218669013,0.0,0,-3832.1957622595205
../../instances/1_item_placement/test/item_placement_10035.mps.gz,35,612.7428807999961,0.058338652000063766,0,-4116.682714079691
../../instances/1_item_placement/test/item_placement_10036.mps.gz,36,655.8472084720022,0.0,0,-3005.3003804411233
../../instances/1_item_placement/test/item_placement_10037.mps.gz,37,634.5272037669984,2.7357614700000217,0,-5126.7435393620435
../../instances/1_item_placement/test/item_placement_10038.mps.gz,38,676.2744790599944,0.9490337210000696,0,-3692.6149108317068
../../instances/1_item_placement/test/item_placement_10039.mps.gz,39,558.0734400745001,4.541464024500091,0,-4987.188515260897
../../instances/1_item_placement/test/item_placement_10040.mps.gz,40,535.9893987039991,2.6017228640000467,0,-3399.6064924657076
../../instances/1_item_placement/test/item_placement_10041.mps.gz,41,574.17434142,3.0791512600000313,0,-5129.8240833760165
../../instances/1_item_placement/test/item_placement_10042.mps.gz,42,627.6553748829998,4.74933494300056,0,-5156.428665592881
../../instances/1_item_placement/test/item_placement_10043.mps.gz,43,565.9480858371984,1.216806730000059,0,-4651.521897237787
../../instances/1_item_placement/test/item_placement_10044.mps.gz,44,638.5844467020029,6.40729008700002,0,-7497.076388905421
../../instances/1_item_placement/test/item_placement_10045.mps.gz,45,547.9732407789998,3.013337051000037,0,-4691.393312396502
../../instances/1_item_placement/test/item_placement_10046.mps.gz,46,699.3148335490007,5.032844637000339,0,-5258.936889869899
../../instances/1_item_placement/test/item_placement_10047.mps.gz,47,678.7278621849985,2.8321776080000665,0,-4980.050963897042
../../instances/1_item_placement/test/item_placement_10048.mps.gz,48,592.5003440009999,7.517788610000015,0,-8513.042014696637
../../instances/1_item_placement/test/item_placement_10049.mps.gz,49,577.2433975120018,2.118155879000065,0,-4929.407569656213
../../instances/1_item_placement/test/item_placement_10050.mps.gz,50,644.8849020395036,8.813194584500028,0,-7492.074556460513
../../instances/1_item_placement/test/item_placement_10051.mps.gz,51,557.5906838410027,1.080262164600102,0,-4014.486782302165
../../instances/1_item_placement/test/item_placement_10052.mps.gz,52,659.0836069199999,2.0103943300000484,0,-4248.834964951881
../../instances/1_item_placement/test/item_placement_10053.mps.gz,53,614.9167198860006,6.701909375000137,0,-6817.806686873164
../../instances/1_item_placement/test/item_placement_10054.mps.gz,54,467.6958211100023,1.6407412780000388,0,-2839.434894071357
../../instances/1_item_placement/test/item_placement_10055.mps.gz,55,679.0715175019976,4.245154012000063,0,-6495.399922189259
../../instances/1_item_placement/test/item_placement_10056.mps.gz,56,712.8422048300049,0.020916940000046805,0,-3141.019371231912
../../instances/1_item_placement/test/item_placement_10057.mps.gz,57,647.8548897120015,3.6962010520000286,0,-7668.063236014946
../../instances/1_item_placement/test/item_placement_10058.mps.gz,58,627.7209875240007,2.0082997840000907,0,-4680.275630844187
../../instances/1_item_placement/test/item_placement_10059.mps.gz,59,648.4253502879999,3.3781238580001287,0,-5262.382122700243
../../instances/1_item_placement/test/item_placement_10060.mps.gz,60,494.13541796899494,2.573000001979825e-05,0,-3100.130310701935
../../instances/1_item_placement/test/item_placement_10061.mps.gz,61,658.3085709520026,2.6741015710000147,0,-4173.044744457269
../../instances/1_item_placement/test/item_placement_10062.mps.gz,62,545.601493651004,2.4970737770000317,0,-4385.814713885611
../../instances/1_item_placement/test/item_placement_10063.mps.gz,63,571.6023915600006,0.2771706900012682,0,-2135.2032207851807
../../instances/1_item_placement/test/item_placement_10064.mps.gz,64,639.0922292467976,7.429602531800058,0,-7082.935026573283
../../instances/1_item_placement/test/item_placement_10065.mps.gz,65,553.1210381400002,4.743242389000044,0,-6343.052521107686
../../instances/1_item_placement/test/item_placement_10066.mps.gz,66,541.0690231160002,2.4160531070002906,0,-4511.842232142141
../../instances/1_item_placement/test/item_placement_10067.mps.gz,67,709.3620575130009,0.1700292175701775,0,-4088.930348930636
../../instances/1_item_placement/test/item_placement_10068.mps.gz,68,715.4248347749992,7.183733000600151,0,-9718.284993163268
../../instances/1_item_placement/test/item_placement_10069.mps.gz,69,803.312887826997,1.5856744900000348,0,-4609.502980846135
../../instances/1_item_placement/test/item_placement_10070.mps.gz,70,658.4525752442732,0.6074410340000137,0,-4039.1878561679987
../../instances/1_item_placement/test/item_placement_10071.mps.gz,71,511.5427394524968,0.7011165995000247,0,-3134.240472736429
../../instances/1_item_placement/test/item_placement_10072.mps.gz,72,535.6933559882996,1.0652895272999725,0,-3429.2318581368418
../../instances/1_item_placement/test/item_placement_10073.mps.gz,73,674.3034740729979,5.706515154000057,0,-6632.439176050869
../../instances/1_item_placement/test/item_placement_10074.mps.gz,74,651.2068181099992,2.520175380000015,0,-4363.787313273228
../../instances/1_item_placement/test/item_placement_10075.mps.gz,75,586.3386290200003,2.405197620000067,0,-4452.122992545918
../../instances/1_item_placement/test/item_placement_10076.mps.gz,76,641.6220232999993,3.472000004625664e-05,0,-2895.518909409547
../../instances/1_item_placement/test/item_placement_10077.mps.gz,77,781.3383277300022,2.215695832100106,0,-4357.529865941104
../../instances/1_item_placement/test/item_placement_10078.mps.gz,78,642.102389459999,9.103123340000169,0,-8321.296256760243
../../instances/1_item_placement/test/item_placement_10079.mps.gz,79,550.3936736175993,3.23995935490004,0,-5687.80042490296
../../instances/1_item_placement/test/item_placement_10080.mps.gz,80,684.8484390309995,1.5068981828000751,0,-4176.904964716115
../../instances/1_item_placement/test/item_placement_10081.mps.gz,81,745.9798400299976,2.58489921980018,0,-4235.465728050733
../../instances/1_item_placement/test/item_placement_10082.mps.gz,82,540.7971954179968,5.159269240000056,0,-6232.462563620698
../../instances/1_item_placement/test/item_placement_10083.mps.gz,83,754.6496305169994,7.965422937000065,0,-7887.574313177226
../../instances/1_item_placement/test/item_placement_10084.mps.gz,84,683.5115974801955,3.9227677822000326,0,-5775.518367470721
../../instances/1_item_placement/test/item_placement_10085.mps.gz,85,604.7971747100007,1.7721773100000164,0,-4029.6730319127773
../../instances/1_item_placement/test/item_placement_10086.mps.gz,86,640.7622799020043,5.01607587520006,0,-5388.974256408201
../../instances/1_item_placement/test/item_placement_10087.mps.gz,87,761.7030896140003,2.256161834000493,0,-4624.560533052015
../../instances/1_item_placement/test/item_placement_10088.mps.gz,88,686.4798155599999,2.0439067870001657,0,-4596.867281900775
../../instances/1_item_placement/test/item_placement_10089.mps.gz,89,651.2761166530029,2.1700000023478753e-05,0,-3486.004675850573
../../instances/1_item_placement/test/item_placement_10090.mps.gz,90,694.7687293420021,1.635548034000054,0,-4646.805846462957
../../instances/1_item_placement/test/item_placement_10091.mps.gz,91,722.9085737219996,1.7980000138959062e-05,0,-3014.991878271364
../../instances/1_item_placement/test/item_placement_10092.mps.gz,92,653.8139771,3.2922043400000938,0,-4129.554654336322
../../instances/1_item_placement/test/item_placement_10093.mps.gz,93,551.8174307500038,0.9360511690000158,0,-2843.4533659481735
../../instances/1_item_placement/test/item_placement_10094.mps.gz,94,569.4228663470027,0.07854674600005399,0,-3326.179324559635
../../instances/1_item_placement/test/item_placement_10095.mps.gz,95,638.8771190199998,0.44366399700002873,0,-3680.23908207787
../../instances/1_item_placement/test/item_placement_10096.mps.gz,96,568.4680291099985,1.5463305300000254,0,-4012.5803175898386
../../instances/1_item_placement/test/item_placement_10097.mps.gz,97,655.6389975559997,3.688800008043967e-05,0,-2326.592443427135
../../instances/1_item_placement/test/item_placement_10098.mps.gz,98,662.6747685299989,1.495826460000021,0,-4513.781454160487
../../instances/1_item_placement/test/item_placement_10099.mps.gz,99,745.3269252489987,4.913859104000057,0,-5243.969320674569
