instance,seed,initial_primal_bound,initial_dual_bound,objective_offset,cumulated_reward
../../instances/2_load_balancing/test/load_balancing_10000.mps.gz,0,905.0,688.7383100428896,0,632879.2075091435
../../instances/2_load_balancing/test/load_balancing_10001.mps.gz,1,888.0,690.861850439436,0,622583.2585600716
../../instances/2_load_balancing/test/load_balancing_10002.mps.gz,2,889.0,675.5414045139631,0,613029.446947121
../../instances/2_load_balancing/test/load_balancing_10003.mps.gz,3,884.0,710.7779615008907,0,642496.6268680693
../../instances/2_load_balancing/test/load_balancing_10004.mps.gz,4,898.0,687.7800839856139,0,621133.6329882712
../../instances/2_load_balancing/test/load_balancing_10005.mps.gz,5,892.0,714.4012840283566,0,649514.6826260786
../../instances/2_load_balancing/test/load_balancing_10006.mps.gz,6,881.0,713.2957090162058,0,642894.9547392902
../../instances/2_load_balancing/test/load_balancing_10007.mps.gz,7,893.0,637.5665961619615,0,576191.2109257594
../../instances/2_load_balancing/test/load_balancing_10008.mps.gz,8,894.0,742.6062640891462,0,668581.2029066617
../../instances/2_load_balancing/test/load_balancing_10009.mps.gz,9,897.0,700.7957898704748,0,633192.3871043146
../../instances/2_load_balancing/test/load_balancing_10010.mps.gz,10,899.0,751.7799382939277,0,676602.8470101819
../../instances/2_load_balancing/test/load_balancing_10011.mps.gz,11,909.0,716.2272018276806,0,647599.9016682755
../../instances/2_load_balancing/test/load_balancing_10012.mps.gz,12,889.0,673.2541949666913,0,606877.746604057
../../instances/2_load_balancing/test/load_balancing_10013.mps.gz,13,910.0,733.4599772915094,0,663359.6543076654
../../instances/2_load_balancing/test/load_balancing_10014.mps.gz,14,886.0,732.3565670152549,0,660146.2307178967
../../instances/2_load_balancing/test/load_balancing_10015.mps.gz,15,876.0,746.4565500457276,0,673854.3225215636
../../instances/2_load_balancing/test/load_balancing_10016.mps.gz,16,910.0,696.2636002946233,0,628245.2952778073
../../instances/2_load_balancing/test/load_balancing_10017.mps.gz,17,879.0,747.5222441137633,0,672773.734408029
../../instances/2_load_balancing/test/load_balancing_10018.mps.gz,18,892.0,647.8131267463397,0,583038.1221222262
../../instances/2_load_balancing/test/load_balancing_10019.mps.gz,19,901.0,669.6637620237224,0,604071.2453849025
../../instances/2_load_balancing/test/load_balancing_10020.mps.gz,20,901.0,693.0555500313684,0,625415.2864805644
../../instances/2_load_balancing/test/load_balancing_10021.mps.gz,21,891.0,664.1635495539788,0,598363.8343483184
../../instances/2_load_balancing/test/load_balancing_10022.mps.gz,22,888.0,604.6070307267797,0,547257.3974794167
../../instances/2_load_balancing/test/load_balancing_10023.mps.gz,23,903.0,717.5008352177689,0,647888.0519051957
../../instances/2_load_balancing/test/load_balancing_10024.mps.gz,24,892.0,666.015582083011,0,599415.4791693735
../../instances/2_load_balancing/test/load_balancing_10025.mps.gz,25,893.0,713.2996883605531,0,649021.1526988334
../../instances/2_load_balancing/test/load_balancing_10026.mps.gz,26,891.0,795.6189414960799,0,716815.1748904304
../../instances/2_load_balancing/test/load_balancing_10027.mps.gz,27,894.0,671.0520416552764,0,608072.1019161236
../../instances/2_load_balancing/test/load_balancing_10028.mps.gz,28,905.0,666.735484655573,0,600248.1923344863
../../instances/2_load_balancing/test/load_balancing_10029.mps.gz,29,895.0,674.902797238736,0,607838.5304270412
../../instances/2_load_balancing/test/load_balancing_10030.mps.gz,30,883.0,707.505584596137,0,637821.4347531848
../../instances/2_load_balancing/test/load_balancing_10031.mps.gz,31,897.0,713.4596078087795,0,643386.0433224292
../../instances/2_load_balancing/test/load_balancing_10032.mps.gz,32,900.0,633.805368407309,0,572259.6627664866
../../instances/2_load_balancing/test/load_balancing_10033.mps.gz,33,887.0,726.9801008016655,0,655046.7033909529
../../instances/2_load_balancing/test/load_balancing_10034.mps.gz,34,892.0,676.8480837452881,0,615366.2897471307
../../instances/2_load_balancing/test/load_balancing_10035.mps.gz,35,880.0,693.5848424874113,0,626966.7864836762
../../instances/2_load_balancing/test/load_balancing_10036.mps.gz,36,885.0,644.9313794123092,0,590137.1323829084
../../instances/2_load_balancing/test/load_balancing_10037.mps.gz,37,880.0,680.1975929187004,0,613023.8454223579
../../instances/2_load_balancing/test/load_balancing_10038.mps.gz,38,903.0,706.8459520506227,0,638337.5334622115
../../instances/2_load_balancing/test/load_balancing_10039.mps.gz,39,890.0,731.6913096374167,0,659594.7545761329
../../instances/2_load_balancing/test/load_balancing_10040.mps.gz,40,906.0,694.582850772383,0,625776.5282330146
../../instances/2_load_balancing/test/load_balancing_10041.mps.gz,41,901.0,712.6996499511004,0,647714.9148043949
../../instances/2_load_balancing/test/load_balancing_10042.mps.gz,42,894.0,702.9786964958474,0,633803.8771401488
../../instances/2_load_balancing/test/load_balancing_10043.mps.gz,43,895.0,750.2184816107398,0,678567.6205313603
../../instances/2_load_balancing/test/load_balancing_10044.mps.gz,44,891.0,745.0801785560429,0,670659.0861497776
../../instances/2_load_balancing/test/load_balancing_10045.mps.gz,45,898.0,672.5773940001787,0,608683.8627733565
../../instances/2_load_balancing/test/load_balancing_10046.mps.gz,46,891.0,700.5768435760881,0,639457.2223239185
../../instances/2_load_balancing/test/load_balancing_10047.mps.gz,47,892.0,736.8727448497651,0,664882.2774948501
../../instances/2_load_balancing/test/load_balancing_10048.mps.gz,48,895.0,665.7548619781377,0,608956.1065520283
../../instances/2_load_balancing/test/load_balancing_10049.mps.gz,49,894.0,679.4180387993916,0,612262.1120622475
../../instances/2_load_balancing/test/load_balancing_10050.mps.gz,50,908.0,715.2003216964151,0,646022.4869103185
../../instances/2_load_balancing/test/load_balancing_10051.mps.gz,51,883.0,657.2910567340457,0,591562.5255014739
../../instances/2_load_balancing/test/load_balancing_10052.mps.gz,52,909.0,671.3519173577438,0,613239.8761250878
../../instances/2_load_balancing/test/load_balancing_10053.mps.gz,53,919.0,649.453507937955,0,587264.1690362825
../../instances/2_load_balancing/test/load_balancing_10054.mps.gz,54,908.0,745.0843505166457,0,673395.8746388266
../../instances/2_load_balancing/test/load_balancing_10055.mps.gz,55,895.0,706.5411718479869,0,637748.3930682064
../../instances/2_load_balancing/test/load_balancing_10056.mps.gz,56,904.0,682.7707442762,0,625821.8645216038
../../instances/2_load_balancing/test/load_balancing_10057.mps.gz,57,877.0,693.1929920994622,0,623874.1763701398
../../instances/2_load_balancing/test/load_balancing_10058.mps.gz,58,894.0,751.4253792818492,0,680086.2063801963
../../instances/2_load_balancing/test/load_balancing_10059.mps.gz,59,896.0,667.5081732220389,0,601633.9704598007
../../instances/2_load_balancing/test/load_balancing_10060.mps.gz,60,878.0,681.8525171505428,0,615187.9049709971
../../instances/2_load_balancing/test/load_balancing_10061.mps.gz,61,917.0,782.3564390520008,0,707822.9668606069
../../instances/2_load_balancing/test/load_balancing_10062.mps.gz,62,907.0,713.5915361142567,0,644276.2716859492
../../instances/2_load_balancing/test/load_balancing_10063.mps.gz,63,910.0,661.9847185558268,0,596940.4370709566
../../instances/2_load_balancing/test/load_balancing_10064.mps.gz,64,894.0,721.0601111670848,0,649359.9542283235
../../instances/2_load_balancing/test/load_balancing_10065.mps.gz,65,897.0,700.9504173977544,0,632490.3507192256
../../instances/2_load_balancing/test/load_balancing_10066.mps.gz,66,897.0,619.6934071768064,0,562741.8793525118
../../instances/2_load_balancing/test/load_balancing_10067.mps.gz,67,903.0,643.1359670243987,0,579435.8536221738
../../instances/2_load_balancing/test/load_balancing_10068.mps.gz,68,886.0,674.1449658571393,0,615317.554915124
../../instances/2_load_balancing/test/load_balancing_10069.mps.gz,69,899.0,748.4081749630078,0,676122.0145580282
../../instances/2_load_balancing/test/load_balancing_10070.mps.gz,70,885.0,642.5725244079134,0,579988.2850605189
../../instances/2_load_balancing/test/load_balancing_10071.mps.gz,71,897.0,790.2406922427284,0,712908.1970846046
../../instances/2_load_balancing/test/load_balancing_10072.mps.gz,72,889.0,764.9319770464405,0,690018.3695272098
../../instances/2_load_balancing/test/load_balancing_10073.mps.gz,73,879.0,641.4800880860521,0,579354.2815470849
../../instances/2_load_balancing/test/load_balancing_10074.mps.gz,74,907.0,695.6302808840848,0,627841.6175946641
../../instances/2_load_balancing/test/load_balancing_10075.mps.gz,75,884.0,673.3038269265855,0,607093.496959473
../../instances/2_load_balancing/test/load_balancing_10076.mps.gz,76,899.0,780.0123302084152,0,703776.7422970798
../../instances/2_load_balancing/test/load_balancing_10077.mps.gz,77,893.0,663.0788080485951,0,598824.449585064
../../instances/2_load_balancing/test/load_balancing_10078.mps.gz,78,895.0,725.2489970435024,0,653288.407302957
../../instances/2_load_balancing/test/load_balancing_10079.mps.gz,79,900.0,704.4034147516354,0,635809.1438995554
../../instances/2_load_balancing/test/load_balancing_10080.mps.gz,80,895.0,626.0750517872253,0,567926.35403127
../../instances/2_load_balancing/test/load_balancing_10081.mps.gz,81,879.0,683.6205500091713,0,616449.438782422
../../instances/2_load_balancing/test/load_balancing_10082.mps.gz,82,904.0,723.0184775759686,0,652059.6492176049
../../instances/2_load_balancing/test/load_balancing_10083.mps.gz,83,893.0,672.1505158790688,0,610435.6493681897
../../instances/2_load_balancing/test/load_balancing_10084.mps.gz,84,886.0,708.7784598777065,0,638336.9090742149
../../instances/2_load_balancing/test/load_balancing_10085.mps.gz,85,902.0,735.9801327778853,0,665048.076177109
../../instances/2_load_balancing/test/load_balancing_10086.mps.gz,86,887.0,706.8422343103504,0,637785.5065108835
../../instances/2_load_balancing/test/load_balancing_10087.mps.gz,87,893.0,683.1688021544603,0,615426.3427089192
../../instances/2_load_balancing/test/load_balancing_10088.mps.gz,88,919.0,675.595621003476,0,609321.0947123513
../../instances/2_load_balancing/test/load_balancing_10089.mps.gz,89,900.0,703.9110244517591,0,634302.8130654907
../../instances/2_load_balancing/test/load_balancing_10090.mps.gz,90,883.0,667.9683701780755,0,601706.2032411338
../../instances/2_load_balancing/test/load_balancing_10091.mps.gz,91,883.0,692.9722780685115,0,625949.17612923
../../instances/2_load_balancing/test/load_balancing_10092.mps.gz,92,886.0,702.3049506221216,0,636142.9720059219
../../instances/2_load_balancing/test/load_balancing_10093.mps.gz,93,898.0,758.2173475216541,0,684707.9174587242
../../instances/2_load_balancing/test/load_balancing_10094.mps.gz,94,903.0,724.8317262153085,0,653838.1957228554
../../instances/2_load_balancing/test/load_balancing_10095.mps.gz,95,893.0,636.4911885393334,0,573380.6627279652
../../instances/2_load_balancing/test/load_balancing_10096.mps.gz,96,897.0,700.861252903384,0,632505.0622569375
../../instances/2_load_balancing/test/load_balancing_10097.mps.gz,97,884.0,759.310059039064,0,684723.6632283817
../../instances/2_load_balancing/test/load_balancing_10098.mps.gz,98,905.0,724.0876004443339,0,651679.6918921618
../../instances/2_load_balancing/test/load_balancing_10099.mps.gz,99,890.0,707.9413114442001,0,637980.0631678407
