instance,seed,initial_primal_bound,initial_dual_bound,objective_offset,cumulated_reward
../../instances/2_load_balancing/test/load_balancing_10000.mps.gz,0,905.0,688.7383100428896,0,-35164.72156271297
../../instances/2_load_balancing/test/load_balancing_10001.mps.gz,1,888.0,690.861850439436,0,-25728.471859103895
../../instances/2_load_balancing/test/load_balancing_10002.mps.gz,2,889.0,675.5414045139631,0,-35307.28725711927
../../instances/2_load_balancing/test/load_balancing_10003.mps.gz,3,884.0,710.7779615008907,0,-28216.508780237073
../../instances/2_load_balancing/test/load_balancing_10004.mps.gz,4,898.0,687.7800839856139,0,-20066.843816669105
../../instances/2_load_balancing/test/load_balancing_10005.mps.gz,5,892.0,714.4012840283566,0,-24934.308448145006
../../instances/2_load_balancing/test/load_balancing_10006.mps.gz,6,881.0,713.2957090162058,0,-21641.633679920735
../../instances/2_load_balancing/test/load_balancing_10007.mps.gz,7,893.0,637.5665961619615,0,-22422.599907877706
../../instances/2_load_balancing/test/load_balancing_10008.mps.gz,8,894.0,742.6062640891462,0,-14101.187824770539
../../instances/2_load_balancing/test/load_balancing_10009.mps.gz,9,897.0,700.7957898704748,0,-15193.208904993018
../../instances/2_load_balancing/test/load_balancing_10010.mps.gz,10,899.0,751.7799382939277,0,-23224.55273215902
../../instances/2_load_balancing/test/load_balancing_10011.mps.gz,11,909.0,716.2272018276806,0,-19362.21865473359
../../instances/2_load_balancing/test/load_balancing_10012.mps.gz,12,889.0,673.2541949666913,0,-20887.446217602144
../../instances/2_load_balancing/test/load_balancing_10013.mps.gz,13,910.0,733.4599772915094,0,-21076.780195565356
../../instances/2_load_balancing/test/load_balancing_10014.mps.gz,14,886.0,732.3565670152549,0,-24378.214807234708
../../instances/2_load_balancing/test/load_balancing_10015.mps.gz,15,876.0,746.4565500457276,0,-13844.54196684502
../../instances/2_load_balancing/test/load_balancing_10016.mps.gz,16,910.0,696.2636002946233,0,-20933.063904084374
../../instances/2_load_balancing/test/load_balancing_10017.mps.gz,17,879.0,747.5222441137633,0,-23565.921466468688
../../instances/2_load_balancing/test/load_balancing_10018.mps.gz,18,892.0,647.8131267463397,0,-19853.375195887806
../../instances/2_load_balancing/test/load_balancing_10019.mps.gz,19,901.0,669.6637620237224,0,-24637.159188229238
../../instances/2_load_balancing/test/load_balancing_10020.mps.gz,20,901.0,693.0555500313684,0,-23324.59697082515
../../instances/2_load_balancing/test/load_balancing_10021.mps.gz,21,891.0,664.1635495539788,0,-28151.850858670623
../../instances/2_load_balancing/test/load_balancing_10022.mps.gz,22,888.0,604.6070307267797,0,-22790.648241307874
../../instances/2_load_balancing/test/load_balancing_10023.mps.gz,23,903.0,717.5008352177689,0,-18310.656858290335
../../instances/2_load_balancing/test/load_balancing_10024.mps.gz,24,892.0,666.015582083011,0,-22580.07008784089
../../instances/2_load_balancing/test/load_balancing_10025.mps.gz,25,893.0,713.2996883605531,0,-29785.4771420478
../../instances/2_load_balancing/test/load_balancing_10026.mps.gz,26,891.0,795.6189414960799,0,-9584.315358500035
../../instances/2_load_balancing/test/load_balancing_10027.mps.gz,27,894.0,671.0520416552764,0,-18193.535301536172
../../instances/2_load_balancing/test/load_balancing_10028.mps.gz,28,905.0,666.735484655573,0,-20198.312875135474
../../instances/2_load_balancing/test/load_balancing_10029.mps.gz,29,895.0,674.902797238736,0,-23447.13730350598
../../instances/2_load_balancing/test/load_balancing_10030.mps.gz,30,883.0,707.505584596137,0,-17331.351395121066
../../instances/2_load_balancing/test/load_balancing_10031.mps.gz,31,897.0,713.4596078087795,0,-26829.289017017527
../../instances/2_load_balancing/test/load_balancing_10032.mps.gz,32,900.0,633.805368407309,0,-28317.1870285694
../../instances/2_load_balancing/test/load_balancing_10033.mps.gz,33,887.0,726.9801008016655,0,-18254.06663610371
../../instances/2_load_balancing/test/load_balancing_10034.mps.gz,34,892.0,676.8480837452881,0,-26407.917379427963
../../instances/2_load_balancing/test/load_balancing_10035.mps.gz,35,880.0,693.5848424874113,0,-18229.594068566534
../../instances/2_load_balancing/test/load_balancing_10036.mps.gz,36,885.0,644.9313794123092,0,-21143.651236190533
../../instances/2_load_balancing/test/load_balancing_10037.mps.gz,37,880.0,680.1975929187004,0,-16935.3341273233
../../instances/2_load_balancing/test/load_balancing_10038.mps.gz,38,903.0,706.8459520506227,0,-28767.89002438243
../../instances/2_load_balancing/test/load_balancing_10039.mps.gz,39,890.0,731.6913096374167,0,-17633.8118370505
../../instances/2_load_balancing/test/load_balancing_10040.mps.gz,40,906.0,694.582850772383,0,-14089.073552856446
../../instances/2_load_balancing/test/load_balancing_10041.mps.gz,41,901.0,712.6996499511004,0,-19589.134677077076
../../instances/2_load_balancing/test/load_balancing_10042.mps.gz,42,894.0,702.9786964958474,0,-20244.14269789226
../../instances/2_load_balancing/test/load_balancing_10043.mps.gz,43,895.0,750.2184816107398,0,-16401.26174366305
../../instances/2_load_balancing/test/load_balancing_10044.mps.gz,44,891.0,745.0801785560429,0,-12583.1134996423
../../instances/2_load_balancing/test/load_balancing_10045.mps.gz,45,898.0,672.5773940001787,0,-27346.81024223578
../../instances/2_load_balancing/test/load_balancing_10046.mps.gz,46,891.0,700.5768435760881,0,-22893.975262346226
../../instances/2_load_balancing/test/load_balancing_10047.mps.gz,47,892.0,736.8727448497651,0,-17369.118293223793
../../instances/2_load_balancing/test/load_balancing_10048.mps.gz,48,895.0,665.7548619781377,0,-24077.76361864434
../../instances/2_load_balancing/test/load_balancing_10049.mps.gz,49,894.0,679.4180387993916,0,-23312.172218641044
../../instances/2_load_balancing/test/load_balancing_10050.mps.gz,50,908.0,715.2003216964151,0,-20823.07382919262
../../instances/2_load_balancing/test/load_balancing_10051.mps.gz,51,883.0,657.2910567340457,0,-14461.123785912157
../../instances/2_load_balancing/test/load_balancing_10052.mps.gz,52,909.0,671.3519173577438,0,-36232.35242170779
../../instances/2_load_balancing/test/load_balancing_10053.mps.gz,53,919.0,649.453507937955,0,-28044.31844429959
../../instances/2_load_balancing/test/load_balancing_10054.mps.gz,54,908.0,745.0843505166457,0,-23343.495269881416
../../instances/2_load_balancing/test/load_balancing_10055.mps.gz,55,895.0,706.5411718479869,0,-25313.86856041575
../../instances/2_load_balancing/test/load_balancing_10056.mps.gz,56,904.0,682.7707442762,0,-22575.56082084683
../../instances/2_load_balancing/test/load_balancing_10057.mps.gz,57,877.0,693.1929920994622,0,-13242.212063185889
../../instances/2_load_balancing/test/load_balancing_10058.mps.gz,58,894.0,751.4253792818492,0,-15148.113163088308
../../instances/2_load_balancing/test/load_balancing_10059.mps.gz,59,896.0,667.5081732220389,0,-21144.9619242777
../../instances/2_load_balancing/test/load_balancing_10060.mps.gz,60,878.0,681.8525171505428,0,-19323.68914748042
../../instances/2_load_balancing/test/load_balancing_10061.mps.gz,61,917.0,782.3564390520008,0,-21605.55321958395
../../instances/2_load_balancing/test/load_balancing_10062.mps.gz,62,907.0,713.5915361142567,0,-23877.361485216596
../../instances/2_load_balancing/test/load_balancing_10063.mps.gz,63,910.0,661.9847185558268,0,-16235.487719490391
../../instances/2_load_balancing/test/load_balancing_10064.mps.gz,64,894.0,721.0601111670848,0,-20708.512197831245
../../instances/2_load_balancing/test/load_balancing_10065.mps.gz,65,897.0,700.9504173977544,0,-22868.50347467053
../../instances/2_load_balancing/test/load_balancing_10066.mps.gz,66,897.0,619.6934071768064,0,-36040.1298307459
../../instances/2_load_balancing/test/load_balancing_10067.mps.gz,67,903.0,643.1359670243987,0,-24951.187530021
../../instances/2_load_balancing/test/load_balancing_10068.mps.gz,68,886.0,674.1449658571393,0,-22785.83782270877
../../instances/2_load_balancing/test/load_balancing_10069.mps.gz,69,899.0,748.4081749630078,0,-20457.79371907773
../../instances/2_load_balancing/test/load_balancing_10070.mps.gz,70,885.0,642.5725244079134,0,-21454.775797623213
../../instances/2_load_balancing/test/load_balancing_10071.mps.gz,71,897.0,790.2406922427284,0,-20086.56806700978
../../instances/2_load_balancing/test/load_balancing_10072.mps.gz,72,889.0,764.9319770464405,0,-12917.754745295506
../../instances/2_load_balancing/test/load_balancing_10073.mps.gz,73,879.0,641.4800880860521,0,-25032.323764126333
../../instances/2_load_balancing/test/load_balancing_10074.mps.gz,74,907.0,695.6302808840848,0,-16940.79770758932
../../instances/2_load_balancing/test/load_balancing_10075.mps.gz,75,884.0,673.3038269265855,0,-29558.600524231893
../../instances/2_load_balancing/test/load_balancing_10076.mps.gz,76,899.0,780.0123302084152,0,-17110.51476450337
../../instances/2_load_balancing/test/load_balancing_10077.mps.gz,77,893.0,663.0788080485951,0,-38987.45438895982
../../instances/2_load_balancing/test/load_balancing_10078.mps.gz,78,895.0,725.2489970435024,0,-26494.04629342383
../../instances/2_load_balancing/test/load_balancing_10079.mps.gz,79,900.0,704.4034147516354,0,-28191.96156816707
../../instances/2_load_balancing/test/load_balancing_10080.mps.gz,80,895.0,626.0750517872253,0,-25335.44007208515
../../instances/2_load_balancing/test/load_balancing_10081.mps.gz,81,879.0,683.6205500091713,0,-22713.767087129392
../../instances/2_load_balancing/test/load_balancing_10082.mps.gz,82,904.0,723.0184775759686,0,-22652.455516164155
../../instances/2_load_balancing/test/load_balancing_10083.mps.gz,83,893.0,672.1505158790688,0,-20667.68907614727
../../instances/2_load_balancing/test/load_balancing_10084.mps.gz,84,886.0,708.7784598777065,0,-25217.763618276622
../../instances/2_load_balancing/test/load_balancing_10085.mps.gz,85,902.0,735.9801327778853,0,-19347.51780951674
../../instances/2_load_balancing/test/load_balancing_10086.mps.gz,86,887.0,706.8422343103504,0,-15584.981844518838
../../instances/2_load_balancing/test/load_balancing_10087.mps.gz,87,893.0,683.1688021544603,0,-30057.81204945125
../../instances/2_load_balancing/test/load_balancing_10088.mps.gz,88,919.0,675.595621003476,0,-32515.802638597605
../../instances/2_load_balancing/test/load_balancing_10089.mps.gz,89,900.0,703.9110244517591,0,-20178.86967108972
../../instances/2_load_balancing/test/load_balancing_10090.mps.gz,90,883.0,667.9683701780755,0,-29706.716937714547
../../instances/2_load_balancing/test/load_balancing_10091.mps.gz,91,883.0,692.9722780685115,0,-17961.642169085513
../../instances/2_load_balancing/test/load_balancing_10092.mps.gz,92,886.0,702.3049506221216,0,-19101.79272801328
../../instances/2_load_balancing/test/load_balancing_10093.mps.gz,93,898.0,758.2173475216541,0,-20975.780508958138
../../instances/2_load_balancing/test/load_balancing_10094.mps.gz,94,903.0,724.8317262153085,0,-19396.678974487062
../../instances/2_load_balancing/test/load_balancing_10095.mps.gz,95,893.0,636.4911885393334,0,-28080.22888503595
../../instances/2_load_balancing/test/load_balancing_10096.mps.gz,96,897.0,700.861252903384,0,-16078.835494658559
../../instances/2_load_balancing/test/load_balancing_10097.mps.gz,97,884.0,759.310059039064,0,-11792.292617829711
../../instances/2_load_balancing/test/load_balancing_10098.mps.gz,98,905.0,724.0876004443339,0,-31863.668394704204
../../instances/2_load_balancing/test/load_balancing_10099.mps.gz,99,890.0,707.9413114442001,0,-26414.457542960175
