instance,seed,initial_primal_bound,initial_dual_bound,objective_offset,cumulated_reward
../../instances/3_anonymous/test/anonymous_119.mps.gz,0,9798.439999999988,2717.0,0,-1769923.7626589262
../../instances/3_anonymous/test/anonymous_120.mps.gz,1,4876360.592744595,170456.32646579016,0,-1839529542.189657
../../instances/3_anonymous/test/anonymous_121.mps.gz,2,16927.0,3116.4023548755576,0,-9973534.464681841
../../instances/3_anonymous/test/anonymous_122.mps.gz,3,2753939.176268201,84219.33498517983,0,-245754590.639985
../../instances/3_anonymous/test/anonymous_123.mps.gz,4,12154.799999999987,2721.0,0,-5902711.0717755705
../../instances/3_anonymous/test/anonymous_124.mps.gz,5,13607.700000000004,2721.0,0,-5771966.246682558
../../instances/3_anonymous/test/anonymous_125.mps.gz,6,11580.30000000001,2721.0000000000005,0,-5270578.0792058855
../../instances/3_anonymous/test/anonymous_126.mps.gz,7,4116185.969244509,106901.3624030156,0,-772088866.7372601
../../instances/3_anonymous/test/anonymous_127.mps.gz,8,11245.02499999997,2717.0,0,-2159554.7315519936
../../instances/3_anonymous/test/anonymous_128.mps.gz,9,14861.000000000005,3088.2947381909753,0,-11292611.430176266
../../instances/3_anonymous/test/anonymous_129.mps.gz,10,8434.0,1851.0501760918557,0,-436614.0515941666
../../instances/3_anonymous/test/anonymous_130.mps.gz,11,8575.0,1849.7505067055513,0,-914212.8360599487
../../instances/3_anonymous/test/anonymous_131.mps.gz,12,16594.0,3135.6103022026464,0,-8872275.022424512
../../instances/3_anonymous/test/anonymous_132.mps.gz,13,16410.000000000004,3027.8500000000004,0,-7513620.439458206
../../instances/3_anonymous/test/anonymous_133.mps.gz,14,3243534.7100729677,138638.27715444285,0,-1078684411.7750618
../../instances/3_anonymous/test/anonymous_134.mps.gz,15,8543.0,1855.2501522654677,0,-397901.20431343466
../../instances/3_anonymous/test/anonymous_135.mps.gz,16,9064.749999999978,2717.0,0,-1430129.956321011
../../instances/3_anonymous/test/anonymous_136.mps.gz,17,7401.499999999999,1673.0,0,-533806.7445716237
../../instances/3_anonymous/test/anonymous_137.mps.gz,18,9517.0,1845.5733864151919,0,-670510.0941293085
../../instances/3_anonymous/test/anonymous_138.mps.gz,19,14835.999999999789,3078.2495650454757,0,-10581977.74012832
../../instances/3_anonymous/test/anonymous_119.mps.gz,20,9798.439999999988,2717.0,0,-2155281.8311285297
../../instances/3_anonymous/test/anonymous_120.mps.gz,21,4876360.592744595,170456.32646579016,0,-4235331814.666391
../../instances/3_anonymous/test/anonymous_121.mps.gz,22,16927.0,3116.4023548755576,0,-10062763.402641857
../../instances/3_anonymous/test/anonymous_122.mps.gz,23,2753939.176268201,84219.33498517983,0,-273907795.14334166
../../instances/3_anonymous/test/anonymous_123.mps.gz,24,12154.799999999987,2721.0,0,-6045169.311096941
../../instances/3_anonymous/test/anonymous_124.mps.gz,25,13607.700000000004,2721.0,0,-4049168.454210008
../../instances/3_anonymous/test/anonymous_125.mps.gz,26,11580.30000000001,2721.0000000000005,0,-5265012.176621364
../../instances/3_anonymous/test/anonymous_126.mps.gz,27,4116185.969244509,106901.3624030156,0,-1167409041.2947028
../../instances/3_anonymous/test/anonymous_127.mps.gz,28,11245.02499999997,2717.0,0,-2644387.3737598546
../../instances/3_anonymous/test/anonymous_128.mps.gz,29,14861.000000000005,3088.2947381909753,0,-8938910.621963408
../../instances/3_anonymous/test/anonymous_129.mps.gz,30,8434.0,1851.0501760918557,0,-735589.8880676128
../../instances/3_anonymous/test/anonymous_130.mps.gz,31,8575.0,1849.7505067055513,0,-430708.79431101884
../../instances/3_anonymous/test/anonymous_131.mps.gz,32,16594.0,3135.6103022026464,0,-9501762.887409305
../../instances/3_anonymous/test/anonymous_132.mps.gz,33,16410.000000000004,3027.8500000000004,0,-6864618.526609054
../../instances/3_anonymous/test/anonymous_133.mps.gz,34,3243534.7100729677,138638.27715444285,0,-1159520902.7328413
../../instances/3_anonymous/test/anonymous_134.mps.gz,35,8543.0,1855.2501522654677,0,-507304.8930748274
../../instances/3_anonymous/test/anonymous_135.mps.gz,36,9064.749999999978,2717.0,0,-1481679.4150088232
../../instances/3_anonymous/test/anonymous_136.mps.gz,37,7401.499999999999,1673.0,0,-603552.8212387338
../../instances/3_anonymous/test/anonymous_137.mps.gz,38,9517.0,1845.5733864151919,0,-401983.9009723188
../../instances/3_anonymous/test/anonymous_138.mps.gz,39,14835.999999999789,3078.2495650454757,0,-10362415.407534717
../../instances/3_anonymous/test/anonymous_119.mps.gz,40,9798.439999999988,2717.0,0,-1372738.3581939884
../../instances/3_anonymous/test/anonymous_120.mps.gz,41,4876360.592744595,170456.32646579016,0,-2603589312.796341
../../instances/3_anonymous/test/anonymous_121.mps.gz,42,16927.0,3116.4023548755576,0,-12429540.037785918
../../instances/3_anonymous/test/anonymous_122.mps.gz,43,2753939.176268201,84219.33498517983,0,-432054217.77681565
../../instances/3_anonymous/test/anonymous_123.mps.gz,44,12154.799999999987,2721.0,0,-4725612.493841076
../../instances/3_anonymous/test/anonymous_124.mps.gz,45,13607.700000000004,2721.0,0,-4862730.325137104
../../instances/3_anonymous/test/anonymous_125.mps.gz,46,11580.30000000001,2721.0000000000005,0,-4768964.291981289
../../instances/3_anonymous/test/anonymous_126.mps.gz,47,4116185.969244509,106901.3624030156,0,-1196401910.4545186
../../instances/3_anonymous/test/anonymous_127.mps.gz,48,11245.02499999997,2717.0,0,-2787084.858795046
../../instances/3_anonymous/test/anonymous_128.mps.gz,49,14861.000000000005,3088.2947381909753,0,-9490864.10003205
../../instances/3_anonymous/test/anonymous_129.mps.gz,50,8434.0,1851.0501760918557,0,-346368.4673051665
../../instances/3_anonymous/test/anonymous_130.mps.gz,51,8575.0,1849.7505067055513,0,-441029.4551048813
../../instances/3_anonymous/test/anonymous_131.mps.gz,52,16594.0,3135.6103022026464,0,-9434883.098677868
../../instances/3_anonymous/test/anonymous_132.mps.gz,53,16410.000000000004,3027.8500000000004,0,-7945746.113990166
../../instances/3_anonymous/test/anonymous_133.mps.gz,54,3243534.7100729677,138638.27715444285,0,-996967167.5731682
../../instances/3_anonymous/test/anonymous_134.mps.gz,55,8543.0,1855.2501522654677,0,-489939.19902853126
../../instances/3_anonymous/test/anonymous_135.mps.gz,56,9064.749999999978,2717.0,0,-1444011.6559084768
../../instances/3_anonymous/test/anonymous_136.mps.gz,57,7401.499999999999,1673.0,0,-586678.0177868651
../../instances/3_anonymous/test/anonymous_137.mps.gz,58,9517.0,1845.5733864151919,0,-345255.6512004568
../../instances/3_anonymous/test/anonymous_138.mps.gz,59,14835.999999999789,3078.2495650454757,0,-9855212.93842482
../../instances/3_anonymous/test/anonymous_119.mps.gz,60,9798.439999999988,2717.0,0,-1323883.0081563927
../../instances/3_anonymous/test/anonymous_120.mps.gz,61,4876360.592744595,170456.32646579016,0,-3065246077.25864
../../instances/3_anonymous/test/anonymous_121.mps.gz,62,16927.0,3116.4023548755576,0,-8796713.942284405
../../instances/3_anonymous/test/anonymous_122.mps.gz,63,2753939.176268201,84219.33498517983,0,-220528920.55956325
../../instances/3_anonymous/test/anonymous_123.mps.gz,64,12154.799999999987,2721.0,0,-4642807.697834646
../../instances/3_anonymous/test/anonymous_124.mps.gz,65,13607.700000000004,2721.0,0,-5893450.121129122
../../instances/3_anonymous/test/anonymous_125.mps.gz,66,11580.30000000001,2721.0000000000005,0,-5447007.340858456
../../instances/3_anonymous/test/anonymous_126.mps.gz,67,4116185.969244509,106901.3624030156,0,-1147132489.4467273
../../instances/3_anonymous/test/anonymous_127.mps.gz,68,11245.02499999997,2717.0,0,-3682633.063922527
../../instances/3_anonymous/test/anonymous_128.mps.gz,69,14861.000000000005,3088.2947381909753,0,-9652033.981660962
../../instances/3_anonymous/test/anonymous_129.mps.gz,70,8434.0,1851.0501760918557,0,-412625.4935988315
../../instances/3_anonymous/test/anonymous_130.mps.gz,71,8575.0,1849.7505067055513,0,-530695.926134987
../../instances/3_anonymous/test/anonymous_131.mps.gz,72,16594.0,3135.6103022026464,0,-10792463.029215552
../../instances/3_anonymous/test/anonymous_132.mps.gz,73,16410.000000000004,3027.8500000000004,0,-7683411.69863696
../../instances/3_anonymous/test/anonymous_133.mps.gz,74,3243534.7100729677,138638.27715444285,0,-1467286335.7471025
../../instances/3_anonymous/test/anonymous_134.mps.gz,75,8543.0,1855.2501522654677,0,-429510.15951038565
../../instances/3_anonymous/test/anonymous_135.mps.gz,76,9064.749999999978,2717.0,0,-1462358.9242085933
../../instances/3_anonymous/test/anonymous_136.mps.gz,77,7401.499999999999,1673.0,0,-784202.1027865178
../../instances/3_anonymous/test/anonymous_137.mps.gz,78,9517.0,1845.5733864151919,0,-678384.7777230904
../../instances/3_anonymous/test/anonymous_138.mps.gz,79,14835.999999999789,3078.2495650454757,0,-10000329.873545865
../../instances/3_anonymous/test/anonymous_119.mps.gz,80,9798.439999999988,2717.0,0,-1709382.300296841
../../instances/3_anonymous/test/anonymous_120.mps.gz,81,4876360.592744595,170456.32646579016,0,-4235316106.800094
../../instances/3_anonymous/test/anonymous_121.mps.gz,82,16927.0,3116.4023548755576,0,-8562753.775811221
../../instances/3_anonymous/test/anonymous_122.mps.gz,83,2753939.176268201,84219.33498517983,0,-210439487.65594873
../../instances/3_anonymous/test/anonymous_123.mps.gz,84,12154.799999999987,2721.0,0,-5493819.49295574
../../instances/3_anonymous/test/anonymous_124.mps.gz,85,13607.700000000004,2721.0,0,-5271880.761372402
../../instances/3_anonymous/test/anonymous_125.mps.gz,86,11580.30000000001,2721.0000000000005,0,-4529371.000562397
../../instances/3_anonymous/test/anonymous_126.mps.gz,87,4116185.969244509,106901.3624030156,0,-1428057436.817149
../../instances/3_anonymous/test/anonymous_127.mps.gz,88,11245.02499999997,2717.0,0,-2776231.7589073074
../../instances/3_anonymous/test/anonymous_128.mps.gz,89,14861.000000000005,3088.2947381909753,0,-9911792.968980059
../../instances/3_anonymous/test/anonymous_129.mps.gz,90,8434.0,1851.0501760918557,0,-1072939.4909452535
../../instances/3_anonymous/test/anonymous_130.mps.gz,91,8575.0,1849.7505067055513,0,-393155.4029455081
../../instances/3_anonymous/test/anonymous_131.mps.gz,92,16594.0,3135.6103022026464,0,-10753026.716419201
../../instances/3_anonymous/test/anonymous_132.mps.gz,93,16410.000000000004,3027.8500000000004,0,-6768488.298445503
../../instances/3_anonymous/test/anonymous_133.mps.gz,94,3243534.7100729677,138638.27715444285,0,-1062794293.4776827
../../instances/3_anonymous/test/anonymous_134.mps.gz,95,8543.0,1855.2501522654677,0,-455512.00084974506
../../instances/3_anonymous/test/anonymous_135.mps.gz,96,9064.749999999978,2717.0,0,-1532172.8336560586
../../instances/3_anonymous/test/anonymous_136.mps.gz,97,7401.499999999999,1673.0,0,-468129.4087406428
../../instances/3_anonymous/test/anonymous_137.mps.gz,98,9517.0,1845.5733864151919,0,-274564.347257993
../../instances/3_anonymous/test/anonymous_138.mps.gz,99,14835.999999999789,3078.2495650454757,0,-9944083.226002173
