instance,seed,initial_primal_bound,initial_dual_bound,objective_offset,cumulated_reward
../../instances/3_anonymous/test/anonymous_119.mps.gz,0,9798.439999999988,2717.0,0,-1990401.9550788081
../../instances/3_anonymous/test/anonymous_120.mps.gz,1,4876360.592744595,170456.32646579016,0,-1517162362.8873587
../../instances/3_anonymous/test/anonymous_121.mps.gz,2,16927.0,3116.4023548755576,0,-9327227.872275557
../../instances/3_anonymous/test/anonymous_122.mps.gz,3,2753939.176268201,84219.33498517983,0,-288520000.5832985
../../instances/3_anonymous/test/anonymous_123.mps.gz,4,12154.799999999987,2721.0,0,-3920937.8694989127
../../instances/3_anonymous/test/anonymous_124.mps.gz,5,13607.700000000004,2721.0,0,-4468798.264908277
../../instances/3_anonymous/test/anonymous_125.mps.gz,6,11580.30000000001,2721.0000000000005,0,-2915648.107066669
../../instances/3_anonymous/test/anonymous_126.mps.gz,7,4116185.969244509,106901.3624030156,0,-606289203.9623276
../../instances/3_anonymous/test/anonymous_127.mps.gz,8,11245.02499999997,2717.0,0,-2371032.585571974
../../instances/3_anonymous/test/anonymous_128.mps.gz,9,14861.000000000005,3088.2947381909753,0,-9950379.148372263
../../instances/3_anonymous/test/anonymous_129.mps.gz,10,8434.0,1851.0501760918557,0,-167519.75397554287
../../instances/3_anonymous/test/anonymous_130.mps.gz,11,8575.0,1849.7505067055513,0,-307763.5305513899
../../instances/3_anonymous/test/anonymous_131.mps.gz,12,16594.0,3135.6103022026464,0,-8507545.634229401
../../instances/3_anonymous/test/anonymous_132.mps.gz,13,16410.000000000004,3027.8500000000004,0,-7449425.347896906
../../instances/3_anonymous/test/anonymous_133.mps.gz,14,3243534.7100729677,138638.27715444285,0,-923603455.3152872
../../instances/3_anonymous/test/anonymous_134.mps.gz,15,8543.0,1855.2501522654677,0,-216117.85612658827
../../instances/3_anonymous/test/anonymous_135.mps.gz,16,9064.749999999978,2717.0,0,-1487999.1092266692
../../instances/3_anonymous/test/anonymous_136.mps.gz,17,7401.499999999999,1673.0,0,-1328167.030672584
../../instances/3_anonymous/test/anonymous_137.mps.gz,18,9517.0,1845.5733864151919,0,-318741.54596022493
../../instances/3_anonymous/test/anonymous_138.mps.gz,19,14835.999999999789,3078.2495650454757,0,-8360236.225666232
../../instances/3_anonymous/test/anonymous_119.mps.gz,20,9798.439999999988,2717.0,0,-2087325.3456567356
../../instances/3_anonymous/test/anonymous_120.mps.gz,21,4876360.592744595,170456.32646579016,0,-1505471711.5869808
../../instances/3_anonymous/test/anonymous_121.mps.gz,22,16927.0,3116.4023548755576,0,-7922292.255380181
../../instances/3_anonymous/test/anonymous_122.mps.gz,23,2753939.176268201,84219.33498517983,0,-198296519.85140017
../../instances/3_anonymous/test/anonymous_123.mps.gz,24,12154.799999999987,2721.0,0,-4218796.637132785
../../instances/3_anonymous/test/anonymous_124.mps.gz,25,13607.700000000004,2721.0,0,-4334413.0975206
../../instances/3_anonymous/test/anonymous_125.mps.gz,26,11580.30000000001,2721.0000000000005,0,-2871996.8993151044
../../instances/3_anonymous/test/anonymous_126.mps.gz,27,4116185.969244509,106901.3624030156,0,-783999799.6361293
../../instances/3_anonymous/test/anonymous_127.mps.gz,28,11245.02499999997,2717.0,0,-3327316.267879034
../../instances/3_anonymous/test/anonymous_128.mps.gz,29,14861.000000000005,3088.2947381909753,0,-9419533.829452505
../../instances/3_anonymous/test/anonymous_129.mps.gz,30,8434.0,1851.0501760918557,0,-242181.97640123512
../../instances/3_anonymous/test/anonymous_130.mps.gz,31,8575.0,1849.7505067055513,0,-250212.35697193767
../../instances/3_anonymous/test/anonymous_131.mps.gz,32,16594.0,3135.6103022026464,0,-8258027.91377981
../../instances/3_anonymous/test/anonymous_132.mps.gz,33,16410.000000000004,3027.8500000000004,0,-6551269.0977737885
../../instances/3_anonymous/test/anonymous_133.mps.gz,34,3243534.7100729677,138638.27715444285,0,-737037971.0802004
../../instances/3_anonymous/test/anonymous_134.mps.gz,35,8543.0,1855.2501522654677,0,-196632.7505971063
../../instances/3_anonymous/test/anonymous_135.mps.gz,36,9064.749999999978,2717.0,0,-1676082.02160145
../../instances/3_anonymous/test/anonymous_136.mps.gz,37,7401.499999999999,1673.0,0,-510361.4204738247
../../instances/3_anonymous/test/anonymous_137.mps.gz,38,9517.0,1845.5733864151919,0,-293882.91395909776
../../instances/3_anonymous/test/anonymous_138.mps.gz,39,14835.999999999789,3078.2495650454757,0,-9647119.036492703
../../instances/3_anonymous/test/anonymous_119.mps.gz,40,9798.439999999988,2717.0,0,-1976020.2346143255
../../instances/3_anonymous/test/anonymous_120.mps.gz,41,4876360.592744595,170456.32646579016,0,-1594193233.9904318
../../instances/3_anonymous/test/anonymous_121.mps.gz,42,16927.0,3116.4023548755576,0,-7834331.2072326755
../../instances/3_anonymous/test/anonymous_122.mps.gz,43,2753939.176268201,84219.33498517983,0,-194208036.0533025
../../instances/3_anonymous/test/anonymous_123.mps.gz,44,12154.799999999987,2721.0,0,-4158691.176695456
../../instances/3_anonymous/test/anonymous_124.mps.gz,45,13607.700000000004,2721.0,0,-4582357.905722703
../../instances/3_anonymous/test/anonymous_125.mps.gz,46,11580.30000000001,2721.0000000000005,0,-3601994.4564451207
../../instances/3_anonymous/test/anonymous_126.mps.gz,47,4116185.969244509,106901.3624030156,0,-694777837.0962055
../../instances/3_anonymous/test/anonymous_127.mps.gz,48,11245.02499999997,2717.0,0,-2224450.5353727313
../../instances/3_anonymous/test/anonymous_128.mps.gz,49,14861.000000000005,3088.2947381909753,0,-6990149.995506762
../../instances/3_anonymous/test/anonymous_129.mps.gz,50,8434.0,1851.0501760918557,0,-308371.25616128696
../../instances/3_anonymous/test/anonymous_130.mps.gz,51,8575.0,1849.7505067055513,0,-235150.39021052382
../../instances/3_anonymous/test/anonymous_131.mps.gz,52,16594.0,3135.6103022026464,0,-7392241.631879968
../../instances/3_anonymous/test/anonymous_132.mps.gz,53,16410.000000000004,3027.8500000000004,0,-5058292.332513796
../../instances/3_anonymous/test/anonymous_133.mps.gz,54,3243534.7100729677,138638.27715444285,0,-767793755.8493525
../../instances/3_anonymous/test/anonymous_134.mps.gz,55,8543.0,1855.2501522654677,0,-190038.33995919247
../../instances/3_anonymous/test/anonymous_135.mps.gz,56,9064.749999999978,2717.0,0,-1513626.6770422016
../../instances/3_anonymous/test/anonymous_136.mps.gz,57,7401.499999999999,1673.0,0,-1066595.9134359718
../../instances/3_anonymous/test/anonymous_137.mps.gz,58,9517.0,1845.5733864151919,0,-292963.65675980045
../../instances/3_anonymous/test/anonymous_138.mps.gz,59,14835.999999999789,3078.2495650454757,0,-9823362.537270535
../../instances/3_anonymous/test/anonymous_119.mps.gz,60,9798.439999999988,2717.0,0,-1925225.7073626695
../../instances/3_anonymous/test/anonymous_120.mps.gz,61,4876360.592744595,170456.32646579016,0,-1985144564.853807
../../instances/3_anonymous/test/anonymous_121.mps.gz,62,16927.0,3116.4023548755576,0,-9864744.176379068
../../instances/3_anonymous/test/anonymous_122.mps.gz,63,2753939.176268201,84219.33498517983,0,-196518712.07742032
../../instances/3_anonymous/test/anonymous_123.mps.gz,64,12154.799999999987,2721.0,0,-3741221.232045099
../../instances/3_anonymous/test/anonymous_124.mps.gz,65,13607.700000000004,2721.0,0,-3798938.761883887
../../instances/3_anonymous/test/anonymous_125.mps.gz,66,11580.30000000001,2721.0000000000005,0,-3936910.7161632874
../../instances/3_anonymous/test/anonymous_126.mps.gz,67,4116185.969244509,106901.3624030156,0,-499600505.45768416
../../instances/3_anonymous/test/anonymous_127.mps.gz,68,11245.02499999997,2717.0,0,-2071184.3850491734
../../instances/3_anonymous/test/anonymous_128.mps.gz,69,14861.000000000005,3088.2947381909753,0,-9720591.416160204
../../instances/3_anonymous/test/anonymous_129.mps.gz,70,8434.0,1851.0501760918557,0,-421367.6998883885
../../instances/3_anonymous/test/anonymous_130.mps.gz,71,8575.0,1849.7505067055513,0,-204410.30537124808
../../instances/3_anonymous/test/anonymous_131.mps.gz,72,16594.0,3135.6103022026464,0,-9232262.158320565
../../instances/3_anonymous/test/anonymous_132.mps.gz,73,16410.000000000004,3027.8500000000004,0,-6221951.979201464
../../instances/3_anonymous/test/anonymous_133.mps.gz,74,3243534.7100729677,138638.27715444285,0,-862295118.7498516
../../instances/3_anonymous/test/anonymous_134.mps.gz,75,8543.0,1855.2501522654677,0,-241202.00731717268
../../instances/3_anonymous/test/anonymous_135.mps.gz,76,9064.749999999978,2717.0,0,-1565435.6126158093
../../instances/3_anonymous/test/anonymous_136.mps.gz,77,7401.499999999999,1673.0,0,-1534468.0946975553
../../instances/3_anonymous/test/anonymous_137.mps.gz,78,9517.0,1845.5733864151919,0,-258253.69851595385
../../instances/3_anonymous/test/anonymous_138.mps.gz,79,14835.999999999789,3078.2495650454757,0,-9142766.352045799
../../instances/3_anonymous/test/anonymous_119.mps.gz,80,9798.439999999988,2717.0,0,-2263993.8167874576
../../instances/3_anonymous/test/anonymous_120.mps.gz,81,4876360.592744595,170456.32646579016,0,-1981089754.6212118
../../instances/3_anonymous/test/anonymous_121.mps.gz,82,16927.0,3116.4023548755576,0,-9282914.681794584
../../instances/3_anonymous/test/anonymous_122.mps.gz,83,2753939.176268201,84219.33498517983,0,-248823065.5680808
../../instances/3_anonymous/test/anonymous_123.mps.gz,84,12154.799999999987,2721.0,0,-5810396.199723759
../../instances/3_anonymous/test/anonymous_124.mps.gz,85,13607.700000000004,2721.0,0,-5493969.109867551
../../instances/3_anonymous/test/anonymous_125.mps.gz,86,11580.30000000001,2721.0000000000005,0,-5248702.185589065
../../instances/3_anonymous/test/anonymous_126.mps.gz,87,4116185.969244509,106901.3624030156,0,-673625638.0479131
../../instances/3_anonymous/test/anonymous_127.mps.gz,88,11245.02499999997,2717.0,0,-2504871.875913925
../../instances/3_anonymous/test/anonymous_128.mps.gz,89,14861.000000000005,3088.2947381909753,0,-9125889.434945764
../../instances/3_anonymous/test/anonymous_129.mps.gz,90,8434.0,1851.0501760918557,0,-257374.00896231737
../../instances/3_anonymous/test/anonymous_130.mps.gz,91,8575.0,1849.7505067055513,0,-305459.69140579854
../../instances/3_anonymous/test/anonymous_131.mps.gz,92,16594.0,3135.6103022026464,0,-7498659.041137796
../../instances/3_anonymous/test/anonymous_132.mps.gz,93,16410.000000000004,3027.8500000000004,0,-5994398.326783779
../../instances/3_anonymous/test/anonymous_133.mps.gz,94,3243534.7100729677,138638.27715444285,0,-617955865.7639935
../../instances/3_anonymous/test/anonymous_134.mps.gz,95,8543.0,1855.2501522654677,0,-220905.4621104539
../../instances/3_anonymous/test/anonymous_135.mps.gz,96,9064.749999999978,2717.0,0,-1576418.751696101
../../instances/3_anonymous/test/anonymous_136.mps.gz,97,7401.499999999999,1673.0,0,-904347.9955766893
../../instances/3_anonymous/test/anonymous_137.mps.gz,98,9517.0,1845.5733864151919,0,-223280.4671369467
../../instances/3_anonymous/test/anonymous_138.mps.gz,99,14835.999999999789,3078.2495650454757,0,-9379910.841801643
