instance,seed,initial_primal_bound,initial_dual_bound,objective_offset,cumulated_reward
../../instances/2_load_balancing/test/load_balancing_10000.mps.gz,0,905.0,688.7383100428896,0,-221282.245399916
../../instances/2_load_balancing/test/load_balancing_10001.mps.gz,1,888.0,690.861850439436,0,-216069.41804084502
../../instances/2_load_balancing/test/load_balancing_10002.mps.gz,2,889.0,675.5414045139631,0,-214236.86083414103
../../instances/2_load_balancing/test/load_balancing_10003.mps.gz,3,884.0,710.7779615008907,0,-219938.064024629
../../instances/2_load_balancing/test/load_balancing_10004.mps.gz,4,898.0,687.7800839856139,0,-213599.281465523
../../instances/2_load_balancing/test/load_balancing_10005.mps.gz,5,892.0,714.4012840283566,0,-222894.14936591
../../instances/2_load_balancing/test/load_balancing_10006.mps.gz,6,881.0,713.2957090162058,0,-223282.286173989
../../instances/2_load_balancing/test/load_balancing_10007.mps.gz,7,893.0,637.5665961619615,0,-200926.510646771
../../instances/2_load_balancing/test/load_balancing_10008.mps.gz,8,894.0,742.6062640891462,0,-227859.595360336
../../instances/2_load_balancing/test/load_balancing_10009.mps.gz,9,897.0,700.7957898704748,0,-217528.410129291
../../instances/2_load_balancing/test/load_balancing_10010.mps.gz,10,899.0,751.7799382939277,0,-232368.946518888
../../instances/2_load_balancing/test/load_balancing_10011.mps.gz,11,909.0,716.2272018276806,0,-221390.354499952
../../instances/2_load_balancing/test/load_balancing_10012.mps.gz,12,889.0,673.2541949666913,0,-210208.612441584
../../instances/2_load_balancing/test/load_balancing_10013.mps.gz,13,910.0,733.4599772915094,0,-227336.75358192902
../../instances/2_load_balancing/test/load_balancing_10014.mps.gz,14,886.0,732.3565670152549,0,-227279.654263465
../../instances/2_load_balancing/test/load_balancing_10015.mps.gz,15,876.0,746.4565500457276,0,-230502.731485461
../../instances/2_load_balancing/test/load_balancing_10016.mps.gz,16,910.0,696.2636002946233,0,-216725.471107877
../../instances/2_load_balancing/test/load_balancing_10017.mps.gz,17,879.0,747.5222441137633,0,-230083.65041812995
../../instances/2_load_balancing/test/load_balancing_10018.mps.gz,18,892.0,647.8131267463397,0,-201923.20906675997
../../instances/2_load_balancing/test/load_balancing_10019.mps.gz,19,901.0,669.6637620237224,0,-209012.135415152
../../instances/2_load_balancing/test/load_balancing_10020.mps.gz,20,901.0,693.0555500313684,0,-216085.35370543797
../../instances/2_load_balancing/test/load_balancing_10021.mps.gz,21,891.0,664.1635495539788,0,-207559.384373594
../../instances/2_load_balancing/test/load_balancing_10022.mps.gz,22,888.0,604.6070307267797,0,-190052.19245004002
../../instances/2_load_balancing/test/load_balancing_10023.mps.gz,23,903.0,717.5008352177689,0,-222514.90803020803
../../instances/2_load_balancing/test/load_balancing_10024.mps.gz,24,892.0,666.015582083011,0,-208085.16717687898
../../instances/2_load_balancing/test/load_balancing_10025.mps.gz,25,893.0,713.2996883605531,0,-225669.254475541
../../instances/2_load_balancing/test/load_balancing_10026.mps.gz,26,891.0,795.6189414960799,0,-243165.496666005
../../instances/2_load_balancing/test/load_balancing_10027.mps.gz,27,894.0,671.0520416552764,0,-208602.437599384
../../instances/2_load_balancing/test/load_balancing_10028.mps.gz,28,905.0,666.735484655573,0,-208278.943187833
../../instances/2_load_balancing/test/load_balancing_10029.mps.gz,29,895.0,674.902797238736,0,-210712.235954725
../../instances/2_load_balancing/test/load_balancing_10030.mps.gz,30,883.0,707.505584596137,0,-221198.84995617802
../../instances/2_load_balancing/test/load_balancing_10031.mps.gz,31,897.0,713.4596078087795,0,-222782.450087422
../../instances/2_load_balancing/test/load_balancing_10032.mps.gz,32,900.0,633.805368407309,0,-197658.97071236002
../../instances/2_load_balancing/test/load_balancing_10033.mps.gz,33,887.0,726.9801008016655,0,-223892.702978822
../../instances/2_load_balancing/test/load_balancing_10034.mps.gz,34,892.0,676.8480837452881,0,-213795.680693176
../../instances/2_load_balancing/test/load_balancing_10035.mps.gz,35,880.0,693.5848424874113,0,-215356.104520715
../../instances/2_load_balancing/test/load_balancing_10036.mps.gz,36,885.0,644.9313794123092,0,-206024.191729532
../../instances/2_load_balancing/test/load_balancing_10037.mps.gz,37,880.0,680.1975929187004,0,-212123.401378921
../../instances/2_load_balancing/test/load_balancing_10038.mps.gz,38,903.0,706.8459520506227,0,-219631.94076013
../../instances/2_load_balancing/test/load_balancing_10039.mps.gz,39,890.0,731.6913096374167,0,-226750.821749222
../../instances/2_load_balancing/test/load_balancing_10040.mps.gz,40,906.0,694.582850772383,0,-214578.95408251998
../../instances/2_load_balancing/test/load_balancing_10041.mps.gz,41,901.0,712.6996499511004,0,-223401.82774459603
../../instances/2_load_balancing/test/load_balancing_10042.mps.gz,42,894.0,702.9786964958474,0,-217985.99668882997
../../instances/2_load_balancing/test/load_balancing_10043.mps.gz,43,895.0,750.2184816107398,0,-231903.638200735
../../instances/2_load_balancing/test/load_balancing_10044.mps.gz,44,891.0,745.0801785560429,0,-228079.732679843
../../instances/2_load_balancing/test/load_balancing_10045.mps.gz,45,898.0,672.5773940001787,0,-210955.29674265598
../../instances/2_load_balancing/test/load_balancing_10046.mps.gz,46,891.0,700.5768435760881,0,-222537.488483341
../../instances/2_load_balancing/test/load_balancing_10047.mps.gz,47,892.0,736.8727448497651,0,-226619.678221252
../../instances/2_load_balancing/test/load_balancing_10048.mps.gz,48,895.0,665.7548619781377,0,-211345.67928982497
../../instances/2_load_balancing/test/load_balancing_10049.mps.gz,49,894.0,679.4180387993916,0,-212581.545475398
../../instances/2_load_balancing/test/load_balancing_10050.mps.gz,50,908.0,715.2003216964151,0,-222508.536117157
../../instances/2_load_balancing/test/load_balancing_10051.mps.gz,51,883.0,657.2910567340457,0,-204166.769637558
../../instances/2_load_balancing/test/load_balancing_10052.mps.gz,52,909.0,671.3519173577438,0,-212026.06267829
../../instances/2_load_balancing/test/load_balancing_10053.mps.gz,53,919.0,649.453507937955,0,-204924.925155163
../../instances/2_load_balancing/test/load_balancing_10054.mps.gz,54,908.0,745.0843505166457,0,-230930.18851634697
../../instances/2_load_balancing/test/load_balancing_10055.mps.gz,55,895.0,706.5411718479869,0,-219325.629732749
../../instances/2_load_balancing/test/load_balancing_10056.mps.gz,56,904.0,682.7707442762,0,-216099.27077958902
../../instances/2_load_balancing/test/load_balancing_10057.mps.gz,57,877.0,693.1929920994622,0,-214184.817753786
../../instances/2_load_balancing/test/load_balancing_10058.mps.gz,58,894.0,751.4253792818492,0,-232210.746297829
../../instances/2_load_balancing/test/load_balancing_10059.mps.gz,59,896.0,667.5081732220389,0,-209644.16366976802
../../instances/2_load_balancing/test/load_balancing_10060.mps.gz,60,878.0,681.8525171505428,0,-212820.172474264
../../instances/2_load_balancing/test/load_balancing_10061.mps.gz,61,917.0,782.3564390520008,0,-241508.004314141
../../instances/2_load_balancing/test/load_balancing_10062.mps.gz,62,907.0,713.5915361142567,0,-221338.241033288
../../instances/2_load_balancing/test/load_balancing_10063.mps.gz,63,910.0,661.9847185558268,0,-206470.05720739602
../../instances/2_load_balancing/test/load_balancing_10064.mps.gz,64,894.0,721.0601111670848,0,-222904.52150900598
../../instances/2_load_balancing/test/load_balancing_10065.mps.gz,65,897.0,700.9504173977544,0,-217459.189997333
../../instances/2_load_balancing/test/load_balancing_10066.mps.gz,66,897.0,619.6934071768064,0,-197114.49657480302
../../instances/2_load_balancing/test/load_balancing_10067.mps.gz,67,903.0,643.1359670243987,0,-202540.883154858
../../instances/2_load_balancing/test/load_balancing_10068.mps.gz,68,886.0,674.1449658571393,0,-212399.58288546198
../../instances/2_load_balancing/test/load_balancing_10069.mps.gz,69,899.0,748.4081749630078,0,-231843.44909773802
../../instances/2_load_balancing/test/load_balancing_10070.mps.gz,70,885.0,642.5725244079134,0,-201233.93342064
../../instances/2_load_balancing/test/load_balancing_10071.mps.gz,71,897.0,790.2406922427284,0,-244672.64190150402
../../instances/2_load_balancing/test/load_balancing_10072.mps.gz,72,889.0,764.9319770464405,0,-235349.407013403
../../instances/2_load_balancing/test/load_balancing_10073.mps.gz,73,879.0,641.4800880860521,0,-200065.399291218
../../instances/2_load_balancing/test/load_balancing_10074.mps.gz,74,907.0,695.6302808840848,0,-217001.25805223698
../../instances/2_load_balancing/test/load_balancing_10075.mps.gz,75,884.0,673.3038269265855,0,-208746.240912812
../../instances/2_load_balancing/test/load_balancing_10076.mps.gz,76,899.0,780.0123302084152,0,-239011.79594165797
../../instances/2_load_balancing/test/load_balancing_10077.mps.gz,77,893.0,663.0788080485951,0,-209561.379831983
../../instances/2_load_balancing/test/load_balancing_10078.mps.gz,78,895.0,725.2489970435024,0,-224539.695447969
../../instances/2_load_balancing/test/load_balancing_10079.mps.gz,79,900.0,704.4034147516354,0,-221078.78132389399
../../instances/2_load_balancing/test/load_balancing_10080.mps.gz,80,895.0,626.0750517872253,0,-197245.45685329
../../instances/2_load_balancing/test/load_balancing_10081.mps.gz,81,879.0,683.6205500091713,0,-212587.24461036798
../../instances/2_load_balancing/test/load_balancing_10082.mps.gz,82,904.0,723.0184775759686,0,-223913.153539995
../../instances/2_load_balancing/test/load_balancing_10083.mps.gz,83,893.0,672.1505158790688,0,-210243.074067785
../../instances/2_load_balancing/test/load_balancing_10084.mps.gz,84,886.0,708.7784598777065,0,-221130.579149046
../../instances/2_load_balancing/test/load_balancing_10085.mps.gz,85,902.0,735.9801327778853,0,-226868.042033316
../../instances/2_load_balancing/test/load_balancing_10086.mps.gz,86,887.0,706.8422343103504,0,-220122.80859090798
../../instances/2_load_balancing/test/load_balancing_10087.mps.gz,87,893.0,683.1688021544603,0,-212525.821631868
../../instances/2_load_balancing/test/load_balancing_10088.mps.gz,88,919.0,675.595621003476,0,-211812.084151285
../../instances/2_load_balancing/test/load_balancing_10089.mps.gz,89,900.0,703.9110244517591,0,-217993.634094231
../../instances/2_load_balancing/test/load_balancing_10090.mps.gz,90,883.0,667.9683701780755,0,-209527.405599647
../../instances/2_load_balancing/test/load_balancing_10091.mps.gz,91,883.0,692.9722780685115,0,-215473.444208354
../../instances/2_load_balancing/test/load_balancing_10092.mps.gz,92,886.0,702.3049506221216,0,-220323.55355316395
../../instances/2_load_balancing/test/load_balancing_10093.mps.gz,93,898.0,758.2173475216541,0,-234455.808899111
../../instances/2_load_balancing/test/load_balancing_10094.mps.gz,94,903.0,724.8317262153085,0,-224435.30558768
../../instances/2_load_balancing/test/load_balancing_10095.mps.gz,95,893.0,636.4911885393334,0,-197803.68529887902
../../instances/2_load_balancing/test/load_balancing_10096.mps.gz,96,897.0,700.861252903384,0,-217253.42046460102
../../instances/2_load_balancing/test/load_balancing_10097.mps.gz,97,884.0,759.310059039064,0,-236072.51500105902
../../instances/2_load_balancing/test/load_balancing_10098.mps.gz,98,905.0,724.0876004443339,0,-224890.624038812
../../instances/2_load_balancing/test/load_balancing_10099.mps.gz,99,890.0,707.9413114442001,0,-221620.75836792303
