instance,seed,initial_primal_bound,initial_dual_bound,objective_offset,cumulated_reward
../../instances/3_anonymous/test/anonymous_119.mps.gz,0,9798.439999999988,2717.0,0,-2939542.825355702
../../instances/3_anonymous/test/anonymous_120.mps.gz,1,4876360.592744595,170456.32646579016,0,-1417073458.4338565
../../instances/3_anonymous/test/anonymous_121.mps.gz,2,16927.0,3116.4023548755576,0,-4780927.065324541
../../instances/3_anonymous/test/anonymous_122.mps.gz,3,2753939.176268201,84219.33498517983,0,-211376969.13758817
../../instances/3_anonymous/test/anonymous_123.mps.gz,4,12154.799999999987,2721.0,0,-3646471.542496058
../../instances/3_anonymous/test/anonymous_124.mps.gz,5,13607.700000000004,2721.0,0,-4082508.7654763535
../../instances/3_anonymous/test/anonymous_125.mps.gz,6,11580.30000000001,2721.0000000000005,0,-3473226.8949425872
../../instances/3_anonymous/test/anonymous_126.mps.gz,7,4116185.969244509,106901.3624030156,0,-386692506.89472145
../../instances/3_anonymous/test/anonymous_127.mps.gz,8,11245.02499999997,2717.0,0,-3373517.104263393
../../instances/3_anonymous/test/anonymous_128.mps.gz,9,14861.000000000005,3088.2947381909753,0,-4213042.602400264
../../instances/3_anonymous/test/anonymous_129.mps.gz,10,8434.0,1851.0501760918557,0,-2300365.37655263
../../instances/3_anonymous/test/anonymous_130.mps.gz,11,8575.0,1849.7505067055513,0,-2302336.8234500354
../../instances/3_anonymous/test/anonymous_131.mps.gz,12,16594.0,3135.6103022026464,0,-4857166.096799852
../../instances/3_anonymous/test/anonymous_132.mps.gz,13,16410.000000000004,3027.8500000000004,0,-4118083.4654754004
../../instances/3_anonymous/test/anonymous_133.mps.gz,14,3243534.7100729677,138638.27715444285,0,-403704281.197734
../../instances/3_anonymous/test/anonymous_134.mps.gz,15,8543.0,1855.2501522654677,0,-2305123.5537348255
../../instances/3_anonymous/test/anonymous_135.mps.gz,16,9064.749999999978,2717.0,0,-2719432.2485366836
../../instances/3_anonymous/test/anonymous_136.mps.gz,17,7401.499999999999,1673.0,0,-2200294.1586380433
../../instances/3_anonymous/test/anonymous_137.mps.gz,18,9517.0,1845.5733864151919,0,-2320001.439062325
../../instances/3_anonymous/test/anonymous_138.mps.gz,19,14835.999999999789,3078.2495650454757,0,-4262533.439139161
../../instances/3_anonymous/test/anonymous_119.mps.gz,20,9798.439999999988,2717.0,0,-2939544.158247294
../../instances/3_anonymous/test/anonymous_120.mps.gz,21,4876360.592744595,170456.32646579016,0,-975652306.2630662
../../instances/3_anonymous/test/anonymous_121.mps.gz,22,16927.0,3116.4023548755576,0,-4722765.955499316
../../instances/3_anonymous/test/anonymous_122.mps.gz,23,2753939.176268201,84219.33498517983,0,-165298283.251889
../../instances/3_anonymous/test/anonymous_123.mps.gz,24,12154.799999999987,2721.0,0,-3646456.7043416365
../../instances/3_anonymous/test/anonymous_124.mps.gz,25,13607.700000000004,2721.0,0,-4082325.708810527
../../instances/3_anonymous/test/anonymous_125.mps.gz,26,11580.30000000001,2721.0000000000005,0,-3474115.9702355494
../../instances/3_anonymous/test/anonymous_126.mps.gz,27,4116185.969244509,106901.3624030156,0,-338193441.0263431
../../instances/3_anonymous/test/anonymous_127.mps.gz,28,11245.02499999997,2717.0,0,-3373530.9257485215
../../instances/3_anonymous/test/anonymous_128.mps.gz,29,14861.000000000005,3088.2947381909753,0,-4247241.991088607
../../instances/3_anonymous/test/anonymous_129.mps.gz,30,8434.0,1851.0501760918557,0,-2294672.000117604
../../instances/3_anonymous/test/anonymous_130.mps.gz,31,8575.0,1849.7505067055513,0,-2302545.027765812
../../instances/3_anonymous/test/anonymous_131.mps.gz,32,16594.0,3135.6103022026464,0,-4547699.05159596
../../instances/3_anonymous/test/anonymous_132.mps.gz,33,16410.000000000004,3027.8500000000004,0,-3579016.887860257
../../instances/3_anonymous/test/anonymous_133.mps.gz,34,3243534.7100729677,138638.27715444285,0,-395001467.48755926
../../instances/3_anonymous/test/anonymous_134.mps.gz,35,8543.0,1855.2501522654677,0,-2296648.9597728546
../../instances/3_anonymous/test/anonymous_135.mps.gz,36,9064.749999999978,2717.0,0,-2719441.0591382873
../../instances/3_anonymous/test/anonymous_136.mps.gz,37,7401.499999999999,1673.0,0,-2196651.790284642
../../instances/3_anonymous/test/anonymous_137.mps.gz,38,9517.0,1845.5733864151919,0,-2322228.699654044
../../instances/3_anonymous/test/anonymous_138.mps.gz,39,14835.999999999789,3078.2495650454757,0,-4450951.956305681
../../instances/3_anonymous/test/anonymous_119.mps.gz,40,9798.439999999988,2717.0,0,-2939555.2368926737
../../instances/3_anonymous/test/anonymous_120.mps.gz,41,4876360.592744595,170456.32646579016,0,-893760023.5909071
../../instances/3_anonymous/test/anonymous_121.mps.gz,42,16927.0,3116.4023548755576,0,-5078283.202088963
../../instances/3_anonymous/test/anonymous_122.mps.gz,43,2753939.176268201,84219.33498517983,0,-195114733.42171836
../../instances/3_anonymous/test/anonymous_123.mps.gz,44,12154.799999999987,2721.0,0,-3641190.6839105887
../../instances/3_anonymous/test/anonymous_124.mps.gz,45,13607.700000000004,2721.0,0,-4082328.440488264
../../instances/3_anonymous/test/anonymous_125.mps.gz,46,11580.30000000001,2721.0000000000005,0,-3474104.742300918
../../instances/3_anonymous/test/anonymous_126.mps.gz,47,4116185.969244509,106901.3624030156,0,-537239686.2263246
../../instances/3_anonymous/test/anonymous_127.mps.gz,48,11245.02499999997,2717.0,0,-3373523.576033917
../../instances/3_anonymous/test/anonymous_128.mps.gz,49,14861.000000000005,3088.2947381909753,0,-4192089.793710013
../../instances/3_anonymous/test/anonymous_129.mps.gz,50,8434.0,1851.0501760918557,0,-2303477.585131537
../../instances/3_anonymous/test/anonymous_130.mps.gz,51,8575.0,1849.7505067055513,0,-2301983.1983752153
../../instances/3_anonymous/test/anonymous_131.mps.gz,52,16594.0,3135.6103022026464,0,-4542624.51928899
../../instances/3_anonymous/test/anonymous_132.mps.gz,53,16410.000000000004,3027.8500000000004,0,-4923175.856681941
../../instances/3_anonymous/test/anonymous_133.mps.gz,54,3243534.7100729677,138638.27715444285,0,-316718016.33170587
../../instances/3_anonymous/test/anonymous_134.mps.gz,55,8543.0,1855.2501522654677,0,-2298354.2102042832
../../instances/3_anonymous/test/anonymous_135.mps.gz,56,9064.749999999978,2717.0,0,-2719442.3429335067
../../instances/3_anonymous/test/anonymous_136.mps.gz,57,7401.499999999999,1673.0,0,-2197240.221808074
../../instances/3_anonymous/test/anonymous_137.mps.gz,58,9517.0,1845.5733864151919,0,-2310602.4758591577
../../instances/3_anonymous/test/anonymous_138.mps.gz,59,14835.999999999789,3078.2495650454757,0,-4451132.039100797
../../instances/3_anonymous/test/anonymous_119.mps.gz,60,9798.439999999988,2717.0,0,-2939539.2714027236
../../instances/3_anonymous/test/anonymous_120.mps.gz,61,4876360.592744595,170456.32646579016,0,-772228110.0618582
../../instances/3_anonymous/test/anonymous_121.mps.gz,62,16927.0,3116.4023548755576,0,-4568705.7816133555
../../instances/3_anonymous/test/anonymous_122.mps.gz,63,2753939.176268201,84219.33498517983,0,-153888881.89310345
../../instances/3_anonymous/test/anonymous_123.mps.gz,64,12154.799999999987,2721.0,0,-3643324.242969256
../../instances/3_anonymous/test/anonymous_124.mps.gz,65,13607.700000000004,2721.0,0,-4082333.0200780528
../../instances/3_anonymous/test/anonymous_125.mps.gz,66,11580.30000000001,2721.0000000000005,0,-3474110.1564964787
../../instances/3_anonymous/test/anonymous_126.mps.gz,67,4116185.969244509,106901.3624030156,0,-385559644.84189594
../../instances/3_anonymous/test/anonymous_127.mps.gz,68,11245.02499999997,2717.0,0,-3373523.609813972
../../instances/3_anonymous/test/anonymous_128.mps.gz,69,14861.000000000005,3088.2947381909753,0,-4321355.2087904215
../../instances/3_anonymous/test/anonymous_129.mps.gz,70,8434.0,1851.0501760918557,0,-2294569.0024876166
../../instances/3_anonymous/test/anonymous_130.mps.gz,71,8575.0,1849.7505067055513,0,-2302149.6393582933
../../instances/3_anonymous/test/anonymous_131.mps.gz,72,16594.0,3135.6103022026464,0,-4978422.783228226
../../instances/3_anonymous/test/anonymous_132.mps.gz,73,16410.000000000004,3027.8500000000004,0,-4923155.79898509
../../instances/3_anonymous/test/anonymous_133.mps.gz,74,3243534.7100729677,138638.27715444285,0,-384881877.7788204
../../instances/3_anonymous/test/anonymous_134.mps.gz,75,8543.0,1855.2501522654677,0,-2295744.221579397
../../instances/3_anonymous/test/anonymous_135.mps.gz,76,9064.749999999978,2717.0,0,-2719439.7700764486
../../instances/3_anonymous/test/anonymous_136.mps.gz,77,7401.499999999999,1673.0,0,-2198662.676529134
../../instances/3_anonymous/test/anonymous_137.mps.gz,78,9517.0,1845.5733864151919,0,-2315666.948160692
../../instances/3_anonymous/test/anonymous_138.mps.gz,79,14835.999999999789,3078.2495650454757,0,-4374770.1397037655
../../instances/3_anonymous/test/anonymous_119.mps.gz,80,9798.439999999988,2717.0,0,-2939548.2546321126
../../instances/3_anonymous/test/anonymous_120.mps.gz,81,4876360.592744595,170456.32646579016,0,-908136098.9659755
../../instances/3_anonymous/test/anonymous_121.mps.gz,82,16927.0,3116.4023548755576,0,-4583263.046869829
../../instances/3_anonymous/test/anonymous_122.mps.gz,83,2753939.176268201,84219.33498517983,0,-253260907.28383628
../../instances/3_anonymous/test/anonymous_123.mps.gz,84,12154.799999999987,2721.0,0,-3646456.6482472345
../../instances/3_anonymous/test/anonymous_124.mps.gz,85,13607.700000000004,2721.0,0,-4082600.1195795345
../../instances/3_anonymous/test/anonymous_125.mps.gz,86,11580.30000000001,2721.0000000000005,0,-3474105.7155672316
../../instances/3_anonymous/test/anonymous_126.mps.gz,87,4116185.969244509,106901.3624030156,0,-408303345.76591086
../../instances/3_anonymous/test/anonymous_127.mps.gz,88,11245.02499999997,2717.0,0,-3373516.2896737824
../../instances/3_anonymous/test/anonymous_128.mps.gz,89,14861.000000000005,3088.2947381909753,0,-4458455.830306018
../../instances/3_anonymous/test/anonymous_129.mps.gz,90,8434.0,1851.0501760918557,0,-2303605.234466934
../../instances/3_anonymous/test/anonymous_130.mps.gz,91,8575.0,1849.7505067055513,0,-2310888.910602112
../../instances/3_anonymous/test/anonymous_131.mps.gz,92,16594.0,3135.6103022026464,0,-4641160.368884826
../../instances/3_anonymous/test/anonymous_132.mps.gz,93,16410.000000000004,3027.8500000000004,0,-3386784.81967572
../../instances/3_anonymous/test/anonymous_133.mps.gz,94,3243534.7100729677,138638.27715444285,0,-359309819.8724068
../../instances/3_anonymous/test/anonymous_134.mps.gz,95,8543.0,1855.2501522654677,0,-2296742.584229706
../../instances/3_anonymous/test/anonymous_135.mps.gz,96,9064.749999999978,2717.0,0,-2719443.052658108
../../instances/3_anonymous/test/anonymous_136.mps.gz,97,7401.499999999999,1673.0,0,-2195724.320979643
../../instances/3_anonymous/test/anonymous_137.mps.gz,98,9517.0,1845.5733864151919,0,-2307710.0636983253
../../instances/3_anonymous/test/anonymous_138.mps.gz,99,14835.999999999789,3078.2495650454757,0,-4450871.068356641
