instance,seed,initial_primal_bound,initial_dual_bound,objective_offset,cumulated_reward
../../instances/2_load_balancing/test/load_balancing_10000.mps.gz,0,905.0,688.7383100428896,0,632059.8122560462
../../instances/2_load_balancing/test/load_balancing_10001.mps.gz,1,888.0,690.861850439436,0,621769.106780037
../../instances/2_load_balancing/test/load_balancing_10002.mps.gz,2,889.0,675.5414045139631,0,609927.2923110878
../../instances/2_load_balancing/test/load_balancing_10003.mps.gz,3,884.0,710.7779615008907,0,639700.6945889645
../../instances/2_load_balancing/test/load_balancing_10004.mps.gz,4,898.0,687.7800839856139,0,621036.1658435615
../../instances/2_load_balancing/test/load_balancing_10005.mps.gz,5,892.0,714.4012840283566,0,645486.6104500112
../../instances/2_load_balancing/test/load_balancing_10006.mps.gz,6,881.0,713.2957090162058,0,643164.6199517148
../../instances/2_load_balancing/test/load_balancing_10007.mps.gz,7,893.0,637.5665961619615,0,574712.8412818939
../../instances/2_load_balancing/test/load_balancing_10008.mps.gz,8,894.0,742.6062640891462,0,668357.0720411267
../../instances/2_load_balancing/test/load_balancing_10009.mps.gz,9,897.0,700.7957898704748,0,630716.9546267858
../../instances/2_load_balancing/test/load_balancing_10010.mps.gz,10,899.0,751.7799382939277,0,676603.498895856
../../instances/2_load_balancing/test/load_balancing_10011.mps.gz,11,909.0,716.2272018276806,0,645648.3584718195
../../instances/2_load_balancing/test/load_balancing_10012.mps.gz,12,889.0,673.2541949666913,0,606639.1839597417
../../instances/2_load_balancing/test/load_balancing_10013.mps.gz,13,910.0,733.4599772915094,0,662618.022570313
../../instances/2_load_balancing/test/load_balancing_10014.mps.gz,14,886.0,732.3565670152549,0,659162.9601938941
../../instances/2_load_balancing/test/load_balancing_10015.mps.gz,15,876.0,746.4565500457276,0,674064.2559589926
../../instances/2_load_balancing/test/load_balancing_10016.mps.gz,16,910.0,696.2636002946233,0,627181.4484655983
../../instances/2_load_balancing/test/load_balancing_10017.mps.gz,17,879.0,747.5222441137633,0,674133.807873431
../../instances/2_load_balancing/test/load_balancing_10018.mps.gz,18,892.0,647.8131267463397,0,583030.1359234614
../../instances/2_load_balancing/test/load_balancing_10019.mps.gz,19,901.0,669.6637620237224,0,603532.0736697252
../../instances/2_load_balancing/test/load_balancing_10020.mps.gz,20,901.0,693.0555500313684,0,623943.9519482467
../../instances/2_load_balancing/test/load_balancing_10021.mps.gz,21,891.0,664.1635495539788,0,597874.4456974802
../../instances/2_load_balancing/test/load_balancing_10022.mps.gz,22,888.0,604.6070307267797,0,545589.9149585303
../../instances/2_load_balancing/test/load_balancing_10023.mps.gz,23,903.0,717.5008352177689,0,645751.1007579957
../../instances/2_load_balancing/test/load_balancing_10024.mps.gz,24,892.0,666.015582083011,0,599414.5792797572
../../instances/2_load_balancing/test/load_balancing_10025.mps.gz,25,893.0,713.2996883605531,0,648667.8092470743
../../instances/2_load_balancing/test/load_balancing_10026.mps.gz,26,891.0,795.6189414960799,0,716086.5741171436
../../instances/2_load_balancing/test/load_balancing_10027.mps.gz,27,894.0,671.0520416552764,0,606264.8313292925
../../instances/2_load_balancing/test/load_balancing_10028.mps.gz,28,905.0,666.735484655573,0,600061.3747347312
../../instances/2_load_balancing/test/load_balancing_10029.mps.gz,29,895.0,674.902797238736,0,607416.117702171
../../instances/2_load_balancing/test/load_balancing_10030.mps.gz,30,883.0,707.505584596137,0,637173.6905183565
../../instances/2_load_balancing/test/load_balancing_10031.mps.gz,31,897.0,713.4596078087795,0,642153.6053413906
../../instances/2_load_balancing/test/load_balancing_10032.mps.gz,32,900.0,633.805368407309,0,571064.5804496531
../../instances/2_load_balancing/test/load_balancing_10033.mps.gz,33,887.0,726.9801008016655,0,655173.2939435961
../../instances/2_load_balancing/test/load_balancing_10034.mps.gz,34,892.0,676.8480837452881,0,612402.9395771184
../../instances/2_load_balancing/test/load_balancing_10035.mps.gz,35,880.0,693.5848424874113,0,626415.6619235504
../../instances/2_load_balancing/test/load_balancing_10036.mps.gz,36,885.0,644.9313794123092,0,580769.9233297026
../../instances/2_load_balancing/test/load_balancing_10037.mps.gz,37,880.0,680.1975929187004,0,612341.2564256336
../../instances/2_load_balancing/test/load_balancing_10038.mps.gz,38,903.0,706.8459520506227,0,636581.0738962623
../../instances/2_load_balancing/test/load_balancing_10039.mps.gz,39,890.0,731.6913096374167,0,658629.4773226152
../../instances/2_load_balancing/test/load_balancing_10040.mps.gz,40,906.0,694.582850772383,0,625331.7972575645
../../instances/2_load_balancing/test/load_balancing_10041.mps.gz,41,901.0,712.6996499511004,0,647521.994336588
../../instances/2_load_balancing/test/load_balancing_10042.mps.gz,42,894.0,702.9786964958474,0,632788.4012277675
../../instances/2_load_balancing/test/load_balancing_10043.mps.gz,43,895.0,750.2184816107398,0,678407.9488173132
../../instances/2_load_balancing/test/load_balancing_10044.mps.gz,44,891.0,745.0801785560429,0,670746.2470015346
../../instances/2_load_balancing/test/load_balancing_10045.mps.gz,45,898.0,672.5773940001787,0,608945.7258371097
../../instances/2_load_balancing/test/load_balancing_10046.mps.gz,46,891.0,700.5768435760881,0,638304.1464735487
../../instances/2_load_balancing/test/load_balancing_10047.mps.gz,47,892.0,736.8727448497651,0,663186.5900016598
../../instances/2_load_balancing/test/load_balancing_10048.mps.gz,48,895.0,665.7548619781377,0,605799.8016272503
../../instances/2_load_balancing/test/load_balancing_10049.mps.gz,49,894.0,679.4180387993916,0,611865.8059231159
../../instances/2_load_balancing/test/load_balancing_10050.mps.gz,50,908.0,715.2003216964151,0,644752.4213126044
../../instances/2_load_balancing/test/load_balancing_10051.mps.gz,51,883.0,657.2910567340457,0,591643.3408906842
../../instances/2_load_balancing/test/load_balancing_10052.mps.gz,52,909.0,671.3519173577438,0,610337.8962842354
../../instances/2_load_balancing/test/load_balancing_10053.mps.gz,53,919.0,649.453507937955,0,586588.557643
../../instances/2_load_balancing/test/load_balancing_10054.mps.gz,54,908.0,745.0843505166457,0,674177.2886673554
../../instances/2_load_balancing/test/load_balancing_10055.mps.gz,55,895.0,706.5411718479869,0,636688.1807427147
../../instances/2_load_balancing/test/load_balancing_10056.mps.gz,56,904.0,682.7707442762,0,623500.3559223312
../../instances/2_load_balancing/test/load_balancing_10057.mps.gz,57,877.0,693.1929920994622,0,623880.3101174425
../../instances/2_load_balancing/test/load_balancing_10058.mps.gz,58,894.0,751.4253792818492,0,678315.5034087807
../../instances/2_load_balancing/test/load_balancing_10059.mps.gz,59,896.0,667.5081732220389,0,602143.5001812549
../../instances/2_load_balancing/test/load_balancing_10060.mps.gz,60,878.0,681.8525171505428,0,614596.7157072013
../../instances/2_load_balancing/test/load_balancing_10061.mps.gz,61,917.0,782.3564390520008,0,707479.6703216115
../../instances/2_load_balancing/test/load_balancing_10062.mps.gz,62,907.0,713.5915361142567,0,642233.1136537138
../../instances/2_load_balancing/test/load_balancing_10063.mps.gz,63,910.0,661.9847185558268,0,596586.5522124737
../../instances/2_load_balancing/test/load_balancing_10064.mps.gz,64,894.0,721.0601111670848,0,648958.9548111038
../../instances/2_load_balancing/test/load_balancing_10065.mps.gz,65,897.0,700.9504173977544,0,632324.4612176975
../../instances/2_load_balancing/test/load_balancing_10066.mps.gz,66,897.0,619.6934071768064,0,562221.0800396041
../../instances/2_load_balancing/test/load_balancing_10067.mps.gz,67,903.0,643.1359670243987,0,579240.7865123155
../../instances/2_load_balancing/test/load_balancing_10068.mps.gz,68,886.0,674.1449658571393,0,614360.3412752224
../../instances/2_load_balancing/test/load_balancing_10069.mps.gz,69,899.0,748.4081749630078,0,675473.3399321039
../../instances/2_load_balancing/test/load_balancing_10070.mps.gz,70,885.0,642.5725244079134,0,579266.0005452066
../../instances/2_load_balancing/test/load_balancing_10071.mps.gz,71,897.0,790.2406922427284,0,713741.092259393
../../instances/2_load_balancing/test/load_balancing_10072.mps.gz,72,889.0,764.9319770464405,0,689345.3054468471
../../instances/2_load_balancing/test/load_balancing_10073.mps.gz,73,879.0,641.4800880860521,0,579442.1353821104
../../instances/2_load_balancing/test/load_balancing_10074.mps.gz,74,907.0,695.6302808840848,0,626068.0388356339
../../instances/2_load_balancing/test/load_balancing_10075.mps.gz,75,884.0,673.3038269265855,0,605973.917274977
../../instances/2_load_balancing/test/load_balancing_10076.mps.gz,76,899.0,780.0123302084152,0,703839.0897714816
../../instances/2_load_balancing/test/load_balancing_10077.mps.gz,77,893.0,663.0788080485951,0,601395.1221781461
../../instances/2_load_balancing/test/load_balancing_10078.mps.gz,78,895.0,725.2489970435024,0,653259.2616680255
../../instances/2_load_balancing/test/load_balancing_10079.mps.gz,79,900.0,704.4034147516354,0,636290.088435248
../../instances/2_load_balancing/test/load_balancing_10080.mps.gz,80,895.0,626.0750517872253,0,565008.0583874144
../../instances/2_load_balancing/test/load_balancing_10081.mps.gz,81,879.0,683.6205500091713,0,616524.4952904339
../../instances/2_load_balancing/test/load_balancing_10082.mps.gz,82,904.0,723.0184775759686,0,651612.4815659
../../instances/2_load_balancing/test/load_balancing_10083.mps.gz,83,893.0,672.1505158790688,0,607918.9977457394
../../instances/2_load_balancing/test/load_balancing_10084.mps.gz,84,886.0,708.7784598777065,0,638492.3945643075
../../instances/2_load_balancing/test/load_balancing_10085.mps.gz,85,902.0,735.9801327778853,0,663905.1726435934
../../instances/2_load_balancing/test/load_balancing_10086.mps.gz,86,887.0,706.8422343103504,0,638038.013577129
../../instances/2_load_balancing/test/load_balancing_10087.mps.gz,87,893.0,683.1688021544603,0,615110.5785006698
../../instances/2_load_balancing/test/load_balancing_10088.mps.gz,88,919.0,675.595621003476,0,608668.5929806492
../../instances/2_load_balancing/test/load_balancing_10089.mps.gz,89,900.0,703.9110244517591,0,633520.492235051
../../instances/2_load_balancing/test/load_balancing_10090.mps.gz,90,883.0,667.9683701780755,0,601285.3255976497
../../instances/2_load_balancing/test/load_balancing_10091.mps.gz,91,883.0,692.9722780685115,0,624982.2104205308
../../instances/2_load_balancing/test/load_balancing_10092.mps.gz,92,886.0,702.3049506221216,0,635119.2795978012
../../instances/2_load_balancing/test/load_balancing_10093.mps.gz,93,898.0,758.2173475216541,0,683624.3174371796
../../instances/2_load_balancing/test/load_balancing_10094.mps.gz,94,903.0,724.8317262153085,0,654008.6170990065
../../instances/2_load_balancing/test/load_balancing_10095.mps.gz,95,893.0,636.4911885393334,0,573019.3774501329
../../instances/2_load_balancing/test/load_balancing_10096.mps.gz,96,897.0,700.861252903384,0,632078.2250677645
../../instances/2_load_balancing/test/load_balancing_10097.mps.gz,97,884.0,759.310059039064,0,683644.8347321386
../../instances/2_load_balancing/test/load_balancing_10098.mps.gz,98,905.0,724.0876004443339,0,651679.3437110197
../../instances/2_load_balancing/test/load_balancing_10099.mps.gz,99,890.0,707.9413114442001,0,637147.7831854328
