instance,seed,initial_primal_bound,initial_dual_bound,objective_offset,cumulated_reward
../../instances/1_item_placement/test/item_placement_10000.mps.gz,0,586.8111255119967,5.4059507480000075,0,-15434.814282457806
../../instances/1_item_placement/test/item_placement_10001.mps.gz,1,585.0918695782982,2.858140179300038,0,-9529.773096898425
../../instances/1_item_placement/test/item_placement_10002.mps.gz,2,740.3138893089987,2.1398628850001025,0,-15557.567464272599
../../instances/1_item_placement/test/item_placement_10003.mps.gz,3,612.3853851310005,5.0419567770001015,0,-14669.514806835388
../../instances/1_item_placement/test/item_placement_10004.mps.gz,4,542.0065967900038,0.5984374850000271,0,-14243.55549788063
../../instances/1_item_placement/test/item_placement_10005.mps.gz,5,524.6245861799956,2.7498155400000264,0,-15577.082800406977
../../instances/1_item_placement/test/item_placement_10006.mps.gz,6,599.81944828,3.641006420000053,0,-10789.161626111643
../../instances/1_item_placement/test/item_placement_10007.mps.gz,7,519.6799417739987,4.28538823000001,0,-12133.192150412533
../../instances/1_item_placement/test/item_placement_10008.mps.gz,8,638.8700493169972,3.5950156570000344,0,-12652.253815242804
../../instances/1_item_placement/test/item_placement_10009.mps.gz,9,643.6093315759999,0.0,0,-14905.543327173033
../../instances/1_item_placement/test/item_placement_10010.mps.gz,10,628.4794442330009,10.923102526000154,0,-15010.462189842905
../../instances/1_item_placement/test/item_placement_10011.mps.gz,11,626.3987464701058,6.965796413100065,0,-15044.23517305768
../../instances/1_item_placement/test/item_placement_10012.mps.gz,12,672.9141671300001,5.492216029000227,0,-14704.194077212129
../../instances/1_item_placement/test/item_placement_10013.mps.gz,13,632.0308769806994,0.38291618170003355,0,-13978.24379000723
../../instances/1_item_placement/test/item_placement_10014.mps.gz,14,578.1204922600006,1.089210420000024,0,-12059.557588360289
../../instances/1_item_placement/test/item_placement_10015.mps.gz,15,665.6448123559977,1.19446729299999,0,-17854.474492151527
../../instances/1_item_placement/test/item_placement_10016.mps.gz,16,685.2467454981104,1.9416003080000883,0,-15475.24895401156
../../instances/1_item_placement/test/item_placement_10017.mps.gz,17,672.0819276939974,3.0073285070000657,0,-16536.265756908753
../../instances/1_item_placement/test/item_placement_10018.mps.gz,18,558.9391078520042,3.261200011671449e-05,0,-16068.73510871583
../../instances/1_item_placement/test/item_placement_10019.mps.gz,19,582.6603805870014,2.7173101770000256,0,-12440.429644356584
../../instances/1_item_placement/test/item_placement_10020.mps.gz,20,469.93372854199947,5.499228787000134,0,-12962.912122382495
../../instances/1_item_placement/test/item_placement_10021.mps.gz,21,725.9392500599969,8.97743396400006,0,-11694.803906616047
../../instances/1_item_placement/test/item_placement_10022.mps.gz,22,621.8803832279971,0.17900229800003756,0,-11198.760364391059
../../instances/1_item_placement/test/item_placement_10023.mps.gz,23,675.8078712800024,9.865550670000093,0,-12864.172363606842
../../instances/1_item_placement/test/item_placement_10024.mps.gz,24,688.2431376799971,5.3642254300001975,0,-10632.87425557713
../../instances/1_item_placement/test/item_placement_10025.mps.gz,25,631.2454190968997,8.909212818900063,0,-17537.66633916392
../../instances/1_item_placement/test/item_placement_10026.mps.gz,26,551.2241230100014,3.1776645170000246,0,-21802.76702781303
../../instances/1_item_placement/test/item_placement_10027.mps.gz,27,635.4981947999994,2.750849411800025,0,-18071.889890435432
../../instances/1_item_placement/test/item_placement_10028.mps.gz,28,649.6547442869993,2.8730090080000448,0,-13295.122158923037
../../instances/1_item_placement/test/item_placement_10029.mps.gz,29,664.3924866347012,0.5869649492000605,0,-16146.074367498062
../../instances/1_item_placement/test/item_placement_10030.mps.gz,30,571.6649093300032,1.8720177900000436,0,-15718.23586209371
../../instances/1_item_placement/test/item_placement_10031.mps.gz,31,702.9271176550013,3.0563570530000255,0,-13327.095679306594
../../instances/1_item_placement/test/item_placement_10032.mps.gz,32,602.6805955099977,3.0562769490000385,0,-17215.044046297877
../../instances/1_item_placement/test/item_placement_10033.mps.gz,33,515.8252546079977,0.0,0,-14301.121524893944
../../instances/1_item_placement/test/item_placement_10034.mps.gz,34,681.218669013,0.0,0,-15233.378571464686
../../instances/1_item_placement/test/item_placement_10035.mps.gz,35,612.7428807999961,0.058338652000063766,0,-13245.970112690435
../../instances/1_item_placement/test/item_placement_10036.mps.gz,36,655.8472084720022,0.0,0,-18891.99841093462
../../instances/1_item_placement/test/item_placement_10037.mps.gz,37,634.5272037669984,2.7357614700000217,0,-11190.79916256633
../../instances/1_item_placement/test/item_placement_10038.mps.gz,38,676.2744790599944,0.9490337210000696,0,-10235.179159558456
../../instances/1_item_placement/test/item_placement_10039.mps.gz,39,558.0734400745001,4.541464024500091,0,-13672.805591234428
../../instances/1_item_placement/test/item_placement_10040.mps.gz,40,535.9893987039991,2.6017228640000467,0,-11104.083449046699
../../instances/1_item_placement/test/item_placement_10041.mps.gz,41,574.17434142,3.0791512600000313,0,-15245.166178200821
../../instances/1_item_placement/test/item_placement_10042.mps.gz,42,627.6553748829998,4.74933494300056,0,-10150.284069920795
../../instances/1_item_placement/test/item_placement_10043.mps.gz,43,565.9480858371984,1.216806730000059,0,-12801.245452171213
../../instances/1_item_placement/test/item_placement_10044.mps.gz,44,638.5844467020029,6.40729008700002,0,-11453.586838176901
../../instances/1_item_placement/test/item_placement_10045.mps.gz,45,547.9732407789998,3.013337051000037,0,-16311.77492516718
../../instances/1_item_placement/test/item_placement_10046.mps.gz,46,699.3148335490007,5.032844637000339,0,-13534.911051561681
../../instances/1_item_placement/test/item_placement_10047.mps.gz,47,678.7278621849985,2.8321776080000665,0,-14330.82136179433
../../instances/1_item_placement/test/item_placement_10048.mps.gz,48,592.5003440009999,7.517788610000015,0,-12817.769334450424
../../instances/1_item_placement/test/item_placement_10049.mps.gz,49,577.2433975120018,2.118155879000065,0,-11532.295497821764
../../instances/1_item_placement/test/item_placement_10050.mps.gz,50,644.8849020395036,8.813194584500028,0,-18250.082964512556
../../instances/1_item_placement/test/item_placement_10051.mps.gz,51,557.5906838410027,1.080262164600102,0,-16090.603109784866
../../instances/1_item_placement/test/item_placement_10052.mps.gz,52,659.0836069199999,2.0103943300000484,0,-15254.63884945324
../../instances/1_item_placement/test/item_placement_10053.mps.gz,53,614.9167198860006,6.701909375000137,0,-8203.189529225838
../../instances/1_item_placement/test/item_placement_10054.mps.gz,54,467.6958211100023,1.6407412780000388,0,-12470.421343385055
../../instances/1_item_placement/test/item_placement_10055.mps.gz,55,679.0715175019976,4.245154012000063,0,-15443.568509013721
../../instances/1_item_placement/test/item_placement_10056.mps.gz,56,712.8422048300049,0.020916940000046805,0,-17744.119088558207
../../instances/1_item_placement/test/item_placement_10057.mps.gz,57,647.8548897120015,3.6962010520000286,0,-8958.571060616556
../../instances/1_item_placement/test/item_placement_10058.mps.gz,58,627.7209875240007,2.0082997840000907,0,-13799.684820027438
../../instances/1_item_placement/test/item_placement_10059.mps.gz,59,648.4253502879999,3.3781238580001287,0,-15745.145234233345
../../instances/1_item_placement/test/item_placement_10060.mps.gz,60,494.13541796899494,2.573000001979825e-05,0,-15730.27491913519
../../instances/1_item_placement/test/item_placement_10061.mps.gz,61,658.3085709520026,2.6741015710000147,0,-15668.087685940158
../../instances/1_item_placement/test/item_placement_10062.mps.gz,62,545.601493651004,2.4970737770000317,0,-11335.70129526735
../../instances/1_item_placement/test/item_placement_10063.mps.gz,63,571.6023915600006,0.2771706900012682,0,-12322.865159419804
../../instances/1_item_placement/test/item_placement_10064.mps.gz,64,639.0922292467976,7.429602531800058,0,-13223.746172243305
../../instances/1_item_placement/test/item_placement_10065.mps.gz,65,553.1210381400002,4.743242389000044,0,-21251.570990699383
../../instances/1_item_placement/test/item_placement_10066.mps.gz,66,541.0690231160002,2.4160531070002906,0,-14971.466438113774
../../instances/1_item_placement/test/item_placement_10067.mps.gz,67,709.3620575130009,0.1700292175701775,0,-15241.30218278967
../../instances/1_item_placement/test/item_placement_10068.mps.gz,68,715.4248347749992,7.183733000600151,0,-17504.722041680183
../../instances/1_item_placement/test/item_placement_10069.mps.gz,69,803.312887826997,1.5856744900000348,0,-14817.670954166855
../../instances/1_item_placement/test/item_placement_10070.mps.gz,70,658.4525752442732,0.6074410340000137,0,-15291.064488415519
../../instances/1_item_placement/test/item_placement_10071.mps.gz,71,511.5427394524968,0.7011165995000247,0,-12379.85923764311
../../instances/1_item_placement/test/item_placement_10072.mps.gz,72,535.6933559882996,1.0652895272999725,0,-13350.654785830533
../../instances/1_item_placement/test/item_placement_10073.mps.gz,73,674.3034740729979,5.706515154000057,0,-10181.237999060031
../../instances/1_item_placement/test/item_placement_10074.mps.gz,74,651.2068181099992,2.520175380000015,0,-14832.806099093956
../../instances/1_item_placement/test/item_placement_10075.mps.gz,75,586.3386290200003,2.405197620000067,0,-13245.533275031392
../../instances/1_item_placement/test/item_placement_10076.mps.gz,76,641.6220232999993,3.472000004625664e-05,0,-14494.944697798483
../../instances/1_item_placement/test/item_placement_10077.mps.gz,77,781.3383277300022,2.215695832100106,0,-13620.236374604467
../../instances/1_item_placement/test/item_placement_10078.mps.gz,78,642.102389459999,9.103123340000169,0,-9416.682475727794
../../instances/1_item_placement/test/item_placement_10079.mps.gz,79,550.3936736175993,3.23995935490004,0,-13668.39872030502
../../instances/1_item_placement/test/item_placement_10080.mps.gz,80,684.8484390309995,1.5068981828000751,0,-15352.547158914556
../../instances/1_item_placement/test/item_placement_10081.mps.gz,81,745.9798400299976,2.58489921980018,0,-16466.505802811746
../../instances/1_item_placement/test/item_placement_10082.mps.gz,82,540.7971954179968,5.159269240000056,0,-14216.428734689272
../../instances/1_item_placement/test/item_placement_10083.mps.gz,83,754.6496305169994,7.965422937000065,0,-15284.040910962463
../../instances/1_item_placement/test/item_placement_10084.mps.gz,84,683.5115974801955,3.9227677822000326,0,-15696.76094893925
../../instances/1_item_placement/test/item_placement_10085.mps.gz,85,604.7971747100007,1.7721773100000164,0,-16688.15771801631
../../instances/1_item_placement/test/item_placement_10086.mps.gz,86,640.7622799020043,5.01607587520006,0,-11344.08353117684
../../instances/1_item_placement/test/item_placement_10087.mps.gz,87,761.7030896140003,2.256161834000493,0,-16098.533641630114
../../instances/1_item_placement/test/item_placement_10088.mps.gz,88,686.4798155599999,2.0439067870001657,0,-11512.64943438786
../../instances/1_item_placement/test/item_placement_10089.mps.gz,89,651.2761166530029,2.1700000023478753e-05,0,-16879.10845824889
../../instances/1_item_placement/test/item_placement_10090.mps.gz,90,694.7687293420021,1.635548034000054,0,-16787.961968958087
../../instances/1_item_placement/test/item_placement_10091.mps.gz,91,722.9085737219996,1.7980000138959062e-05,0,-16639.639260915446
../../instances/1_item_placement/test/item_placement_10092.mps.gz,92,653.8139771,3.2922043400000938,0,-10789.187503260484
../../instances/1_item_placement/test/item_placement_10093.mps.gz,93,551.8174307500038,0.9360511690000158,0,-11754.459418076885
../../instances/1_item_placement/test/item_placement_10094.mps.gz,94,569.4228663470027,0.07854674600005399,0,-17308.656406207938
../../instances/1_item_placement/test/item_placement_10095.mps.gz,95,638.8771190199998,0.44366399700002873,0,-11709.042311383695
../../instances/1_item_placement/test/item_placement_10096.mps.gz,96,568.4680291099985,1.5463305300000254,0,-17390.61465973481
../../instances/1_item_placement/test/item_placement_10097.mps.gz,97,655.6389975559997,3.688800008043967e-05,0,-15776.186555778502
../../instances/1_item_placement/test/item_placement_10098.mps.gz,98,662.6747685299989,1.495826460000021,0,-16015.052710288111
../../instances/1_item_placement/test/item_placement_10099.mps.gz,99,745.3269252489987,4.913859104000057,0,-12155.264025691788
