instance,seed,initial_primal_bound,initial_dual_bound,objective_offset,cumulated_reward
../../instances/3_anonymous/test/anonymous_119.mps.gz,0,9798.439999999988,2717.0,0,6048948.816731094
../../instances/3_anonymous/test/anonymous_120.mps.gz,1,4876360.592744595,170456.32646579016,0,153410913.47741506
../../instances/3_anonymous/test/anonymous_121.mps.gz,2,16927.0,3116.4023548755576,0,2866988.5441444055
../../instances/3_anonymous/test/anonymous_122.mps.gz,3,2753939.176268201,84219.33498517983,0,75797481.72814907
../../instances/3_anonymous/test/anonymous_123.mps.gz,4,12154.799999999987,2721.0,0,5277522.683280969
../../instances/3_anonymous/test/anonymous_124.mps.gz,5,13607.700000000004,2721.0,0,5417558.3074223
../../instances/3_anonymous/test/anonymous_125.mps.gz,6,11580.30000000001,2721.0000000000005,0,5192361.185743094
../../instances/3_anonymous/test/anonymous_126.mps.gz,7,4116185.969244509,106901.3624030156,0,96211296.57256435
../../instances/3_anonymous/test/anonymous_127.mps.gz,8,11245.02499999997,2717.0,0,5467506.523305046
../../instances/3_anonymous/test/anonymous_128.mps.gz,9,14861.000000000005,3088.2947381909753,0,2779991.5182015337
../../instances/3_anonymous/test/anonymous_129.mps.gz,10,8434.0,1851.0501760918557,0,6445726.286393818
../../instances/3_anonymous/test/anonymous_130.mps.gz,11,8575.0,1849.7505067055513,0,6068031.468822694
../../instances/3_anonymous/test/anonymous_131.mps.gz,12,16594.0,3135.6103022026464,0,2919928.6152375974
../../instances/3_anonymous/test/anonymous_132.mps.gz,13,16410.000000000004,3027.8500000000004,0,2727165.888134502
../../instances/3_anonymous/test/anonymous_133.mps.gz,14,3243534.7100729677,138638.27715444285,0,124784312.96248013
../../instances/3_anonymous/test/anonymous_134.mps.gz,15,8543.0,1855.2501522654677,0,6414034.198637892
../../instances/3_anonymous/test/anonymous_135.mps.gz,16,9064.749999999978,2717.0,0,5726948.144192795
../../instances/3_anonymous/test/anonymous_136.mps.gz,17,7401.499999999999,1673.0,0,5076257.844306099
../../instances/3_anonymous/test/anonymous_137.mps.gz,18,9517.0,1845.5733864151919,0,6482322.565073163
../../instances/3_anonymous/test/anonymous_138.mps.gz,19,14835.999999999789,3078.2495650454757,0,2783654.588905435
../../instances/3_anonymous/test/anonymous_119.mps.gz,20,9798.439999999988,2717.0,0,6246269.143806647
../../instances/3_anonymous/test/anonymous_120.mps.gz,21,4876360.592744595,170456.32646579016,0,153410982.2018264
../../instances/3_anonymous/test/anonymous_121.mps.gz,22,16927.0,3116.4023548755576,0,3754836.7395054074
../../instances/3_anonymous/test/anonymous_122.mps.gz,23,2753939.176268201,84219.33498517983,0,75797467.45457213
../../instances/3_anonymous/test/anonymous_123.mps.gz,24,12154.799999999987,2721.0,0,4929620.689005673
../../instances/3_anonymous/test/anonymous_124.mps.gz,25,13607.700000000004,2721.0,0,5271109.7938979305
../../instances/3_anonymous/test/anonymous_125.mps.gz,26,11580.30000000001,2721.0000000000005,0,5687718.174747471
../../instances/3_anonymous/test/anonymous_126.mps.gz,27,4116185.969244509,106901.3624030156,0,96211331.95004916
../../instances/3_anonymous/test/anonymous_127.mps.gz,28,11245.02499999997,2717.0,0,6042304.3428845
../../instances/3_anonymous/test/anonymous_128.mps.gz,29,14861.000000000005,3088.2947381909753,0,3032380.603066885
../../instances/3_anonymous/test/anonymous_129.mps.gz,30,8434.0,1851.0501760918557,0,6542059.101383821
../../instances/3_anonymous/test/anonymous_130.mps.gz,31,8575.0,1849.7505067055513,0,6251785.825970087
../../instances/3_anonymous/test/anonymous_131.mps.gz,32,16594.0,3135.6103022026464,0,3351283.739423964
../../instances/3_anonymous/test/anonymous_132.mps.gz,33,16410.000000000004,3027.8500000000004,0,3219948.0015014545
../../instances/3_anonymous/test/anonymous_133.mps.gz,34,3243534.7100729677,138638.27715444285,0,124775339.5172394
../../instances/3_anonymous/test/anonymous_134.mps.gz,35,8543.0,1855.2501522654677,0,6007436.065607276
../../instances/3_anonymous/test/anonymous_135.mps.gz,36,9064.749999999978,2717.0,0,5965461.34029784
../../instances/3_anonymous/test/anonymous_136.mps.gz,37,7401.499999999999,1673.0,0,4826709.290285041
../../instances/3_anonymous/test/anonymous_137.mps.gz,38,9517.0,1845.5733864151919,0,6124541.204488661
../../instances/3_anonymous/test/anonymous_138.mps.gz,39,14835.999999999789,3078.2495650454757,0,2770553.8213315345
../../instances/3_anonymous/test/anonymous_119.mps.gz,40,9798.439999999988,2717.0,0,2445303.3765218435
../../instances/3_anonymous/test/anonymous_120.mps.gz,41,4876360.592744595,170456.32646579016,0,153410923.51712278
../../instances/3_anonymous/test/anonymous_121.mps.gz,42,16927.0,3116.4023548755576,0,2807629.334404841
../../instances/3_anonymous/test/anonymous_122.mps.gz,43,2753939.176268201,84219.33498517983,0,75797462.13553171
../../instances/3_anonymous/test/anonymous_123.mps.gz,44,12154.799999999987,2721.0,0,5646433.803863781
../../instances/3_anonymous/test/anonymous_124.mps.gz,45,13607.700000000004,2721.0,0,6417014.731470548
../../instances/3_anonymous/test/anonymous_125.mps.gz,46,11580.30000000001,2721.0000000000005,0,5230145.627738877
../../instances/3_anonymous/test/anonymous_126.mps.gz,47,4116185.969244509,106901.3624030156,0,96211314.16039574
../../instances/3_anonymous/test/anonymous_127.mps.gz,48,11245.02499999997,2717.0,0,5545419.483596757
../../instances/3_anonymous/test/anonymous_128.mps.gz,49,14861.000000000005,3088.2947381909753,0,2789925.1841550353
../../instances/3_anonymous/test/anonymous_129.mps.gz,50,8434.0,1851.0501760918557,0,6281097.872010434
../../instances/3_anonymous/test/anonymous_130.mps.gz,51,8575.0,1849.7505067055513,0,5890367.839549683
../../instances/3_anonymous/test/anonymous_131.mps.gz,52,16594.0,3135.6103022026464,0,4091345.3395583774
../../instances/3_anonymous/test/anonymous_132.mps.gz,53,16410.000000000004,3027.8500000000004,0,2738351.1605117507
../../instances/3_anonymous/test/anonymous_133.mps.gz,54,3243534.7100729677,138638.27715444285,0,124774612.2541275
../../instances/3_anonymous/test/anonymous_134.mps.gz,55,8543.0,1855.2501522654677,0,6451267.241214891
../../instances/3_anonymous/test/anonymous_135.mps.gz,56,9064.749999999978,2717.0,0,6550050.288206433
../../instances/3_anonymous/test/anonymous_136.mps.gz,57,7401.499999999999,1673.0,0,2778810.2868878962
../../instances/3_anonymous/test/anonymous_137.mps.gz,58,9517.0,1845.5733864151919,0,6497767.261148891
../../instances/3_anonymous/test/anonymous_138.mps.gz,59,14835.999999999789,3078.2495650454757,0,2773362.453897356
../../instances/3_anonymous/test/anonymous_119.mps.gz,60,9798.439999999988,2717.0,0,6476847.941170787
../../instances/3_anonymous/test/anonymous_120.mps.gz,61,4876360.592744595,170456.32646579016,0,153410893.3473756
../../instances/3_anonymous/test/anonymous_121.mps.gz,62,16927.0,3116.4023548755576,0,3683564.649063956
../../instances/3_anonymous/test/anonymous_122.mps.gz,63,2753939.176268201,84219.33498517983,0,75797504.06816997
../../instances/3_anonymous/test/anonymous_123.mps.gz,64,12154.799999999987,2721.0,0,5043285.351031997
../../instances/3_anonymous/test/anonymous_124.mps.gz,65,13607.700000000004,2721.0,0,5506168.247425597
../../instances/3_anonymous/test/anonymous_125.mps.gz,66,11580.30000000001,2721.0000000000005,0,3676632.19731353
../../instances/3_anonymous/test/anonymous_126.mps.gz,67,4116185.969244509,106901.3624030156,0,96211301.49426389
../../instances/3_anonymous/test/anonymous_127.mps.gz,68,11245.02499999997,2717.0,0,4668071.9639696125
../../instances/3_anonymous/test/anonymous_128.mps.gz,69,14861.000000000005,3088.2947381909753,0,3007875.668223339
../../instances/3_anonymous/test/anonymous_129.mps.gz,70,8434.0,1851.0501760918557,0,6398044.707842086
../../instances/3_anonymous/test/anonymous_130.mps.gz,71,8575.0,1849.7505067055513,0,6033345.640145005
../../instances/3_anonymous/test/anonymous_131.mps.gz,72,16594.0,3135.6103022026464,0,2825430.4566316623
../../instances/3_anonymous/test/anonymous_132.mps.gz,73,16410.000000000004,3027.8500000000004,0,2729122.3722330704
../../instances/3_anonymous/test/anonymous_133.mps.gz,74,3243534.7100729677,138638.27715444285,0,124775950.79994318
../../instances/3_anonymous/test/anonymous_134.mps.gz,75,8543.0,1855.2501522654677,0,5920147.467372609
../../instances/3_anonymous/test/anonymous_135.mps.gz,76,9064.749999999978,2717.0,0,5598235.311010021
../../instances/3_anonymous/test/anonymous_136.mps.gz,77,7401.499999999999,1673.0,0,2776678.9290502532
../../instances/3_anonymous/test/anonymous_137.mps.gz,78,9517.0,1845.5733864151919,0,6131930.624436718
../../instances/3_anonymous/test/anonymous_138.mps.gz,79,14835.999999999789,3078.2495650454757,0,2771183.628946772
../../instances/3_anonymous/test/anonymous_119.mps.gz,80,9798.439999999988,2717.0,0,5586689.751563165
../../instances/3_anonymous/test/anonymous_120.mps.gz,81,4876360.592744595,170456.32646579016,0,153410921.5701703
../../instances/3_anonymous/test/anonymous_121.mps.gz,82,16927.0,3116.4023548755576,0,4624420.161825624
../../instances/3_anonymous/test/anonymous_122.mps.gz,83,2753939.176268201,84219.33498517983,0,75797500.81494538
../../instances/3_anonymous/test/anonymous_123.mps.gz,84,12154.799999999987,2721.0,0,5117092.197781362
../../instances/3_anonymous/test/anonymous_124.mps.gz,85,13607.700000000004,2721.0,0,5401717.109598457
../../instances/3_anonymous/test/anonymous_125.mps.gz,86,11580.30000000001,2721.0000000000005,0,5099040.29654992
../../instances/3_anonymous/test/anonymous_126.mps.gz,87,4116185.969244509,106901.3624030156,0,96211305.10969427
../../instances/3_anonymous/test/anonymous_127.mps.gz,88,11245.02499999997,2717.0,0,6517943.52234628
../../instances/3_anonymous/test/anonymous_128.mps.gz,89,14861.000000000005,3088.2947381909753,0,2785077.995064037
../../instances/3_anonymous/test/anonymous_129.mps.gz,90,8434.0,1851.0501760918557,0,6458244.44872318
../../instances/3_anonymous/test/anonymous_130.mps.gz,91,8575.0,1849.7505067055513,0,5691665.752776909
../../instances/3_anonymous/test/anonymous_131.mps.gz,92,16594.0,3135.6103022026464,0,2824203.092676678
../../instances/3_anonymous/test/anonymous_132.mps.gz,93,16410.000000000004,3027.8500000000004,0,3791007.3809542013
../../instances/3_anonymous/test/anonymous_133.mps.gz,94,3243534.7100729677,138638.27715444285,0,124774604.22655551
../../instances/3_anonymous/test/anonymous_134.mps.gz,95,8543.0,1855.2501522654677,0,6406972.132467269
../../instances/3_anonymous/test/anonymous_135.mps.gz,96,9064.749999999978,2717.0,0,6465192.880022722
../../instances/3_anonymous/test/anonymous_136.mps.gz,97,7401.499999999999,1673.0,0,4104474.7603870677
../../instances/3_anonymous/test/anonymous_137.mps.gz,98,9517.0,1845.5733864151919,0,6480557.194025043
../../instances/3_anonymous/test/anonymous_138.mps.gz,99,14835.999999999789,3078.2495650454757,0,2773248.715123184
